player_id,match_id,minutes_played,goals,assists,total_shots,xg,xa,shots_on_target,successful_dribbles,big_chances_missed,touches_opposition_box,touches,accurate_passes,accurate_passes_percent,chances_created,final_third_passes,accurate_crosses,accurate_crosses_percent,accurate_long_balls,accurate_long_balls_percent,tackles_won,interceptions,recoveries,blocks,clearances,headed_clearances,dribbled_past,duels_won,duels_lost,ground_duels_won,ground_duels_won_percent,aerial_duels_won,aerial_duels_won_percent,was_fouled,fouls_committed,saves,goals_conceded,xgot_faced,goals_prevented,sweeper_actions,gk_accurate_passes,gk_accurate_long_balls,dispossessed,high_claim,corners,saves_inside_box,offsides,successful_dribbles_percent,tackles_won_percent,xgot,tackles,start_min,finish_min,team_goals_conceded,penalties_scored,penalties_missed,top_speed,distance_covered,walking_distance,running_distance,sprinting_distance,number_of_sprints,defensive_contributions
6,25-26-prem-arsenal-vs-manchester-city,90,0,0,1,0.13,0.02,0,0,0,1,113,96,0.0,0.0,5,0,0.0,3,0.0,0,0,8,0,4,2,0,10,2,5,0.0,5,0.0,1,1,0,0,0.0,0.0,0,0,0,,0,0,0,0,0.0,0.0,0.0,4,0,98,1,0,0,0.0,0.0,0.0,0.0,0.0,0.0,0.0
403,25-26-prem-arsenal-vs-manchester-city,90,0,0,0,0.0,0.0,0,1,0,0,50,23,0.0,0.0,9,0,0.0,2,0.0,0,2,6,1,9,6,1,6,2,3,0.0,3,0.0,0,0,0,0,0.0,0.0,0,0,0,,0,0,0,0,0.0,0.0,0.0,2,0,98,1,0,0,0.0,0.0,0.0,0.0,0.0,0.0,0.0
427,25-26-prem-arsenal-vs-manchester-city,90,0,1,1,0.06,0.04,1,1,0,1,41,19,0.0,2.0,4,0,0.0,1,0.0,0,0,7,0,5,2,0,2,4,1,0.0,1,0.0,0,1,0,0,0.0,0.0,0,0,0,,0,0,0,0,0.0,0.0,0.17,0,0,98,1,0,0,0.0,0.0,0.0,0.0,0.0,0.0,0.0
430,25-26-prem-arsenal-vs-manchester-city,76,1,0,2,0.52,0.01,2,0,0,2,26,8,0.0,0.0,4,0,0.0,0,0.0,0,0,3,0,2,1,0,3,7,1,0.0,2,0.0,1,3,0,0,0.0,0.0,0,0,0,,0,0,0,0,0.0,0.0,0.94,0,0,76,0,0,0,0.0,0.0,0.0,0.0,0.0,0.0,0.0
266,25-26-prem-arsenal-vs-manchester-city,45,0,1,1,0.14,0.23,1,0,0,3,32,20,0.0,1.0,2,0,0.0,1,0.0,0,0,2,0,1,0,0,2,2,2,0.0,0,0.0,1,0,0,0,0.0,0.0,0,0,0,,0,0,0,0,0.0,0.0,0.24,1,46,98,0,0,0,0.0,0.0,0.0,0.0,0.0,0.0,0.0
8,25-26-prem-arsenal-vs-manchester-city,80,0,0,0,0.0,0.14,0,0,0,4,83,41,0.0,1.0,9,0,0.0,0,0.0,0,1,3,0,0,0,2,8,5,8,0.0,0,0.0,1,1,0,0,0.0,0.0,0,0,0,,0,0,0,0,0.0,0.0,0.0,7,0,80,1,0,0,0.0,0.0,0.0,0.0,0.0,0.0,0.0
418,25-26-prem-arsenal-vs-manchester-city,87,0,0,1,0.25,0.15,0,5,1,3,47,16,0.0,2.0,2,0,0.0,0,0.0,0,0,5,0,0,0,1,13,10,12,0.0,1,0.0,3,0,0,0,0.0,0.0,0,0,0,,0,0,0,0,0.0,0.0,0.0,4,0,87,0,0,0,0.0,0.0,0.0,0.0,0.0,0.0,0.0
20,25-26-prem-arsenal-vs-manchester-city,84,0,0,2,0.14,0.07,0,3,0,4,53,29,0.0,0.0,4,0,0.0,5,0.0,0,2,1,0,0,0,0,4,0,4,0.0,0,0.0,0,0,0,0,0.0,0.0,0,0,0,,0,0,0,0,0.0,0.0,0.0,1,0,84,1,0,0,0.0,0.0,0.0,0.0,0.0,0.0,0.0
21,25-26-prem-arsenal-vs-manchester-city,90,0,0,0,0.0,0.16,0,0,0,0,108,86,0.0,2.0,7,2,0.0,8,0.0,0,0,6,0,1,1,1,3,4,2,0.0,1,0.0,0,1,0,0,0.0,0.0,0,0,0,,0,0,0,0,0.0,0.0,0.0,2,0,98,1,0,0,0.0,0.0,0.0,0.0,0.0,0.0,0.0
421,25-26-prem-arsenal-vs-manchester-city,90,0,0,1,0.06,0.01,0,0,0,0,64,36,0.0,0.0,3,0,0.0,2,0.0,0,0,3,0,11,7,2,7,3,3,0.0,4,0.0,1,0,0,0,0.0,0.0,0,0,0,,0,0,0,0,0.0,0.0,0.0,2,0,98,1,0,0,0.0,0.0,0.0,0.0,0.0,0.0,0.0
411,25-26-prem-arsenal-vs-manchester-city,87,0,0,0,0.0,0.0,0,1,0,0,45,11,0.0,0.0,3,0,0.0,1,0.0,0,1,3,0,6,4,0,4,3,3,0.0,1,0.0,0,2,0,0,0.0,0.0,0,0,0,,0,0,0,0,0.0,0.0,0.0,2,0,87,0,0,0,0.0,0.0,0.0,0.0,0.0,0.0,0.0
16,25-26-prem-arsenal-vs-manchester-city,45,0,0,1,0.04,0.21,0,3,0,2,41,22,0.0,2.0,2,2,0.0,1,0.0,0,0,3,0,0,0,1,6,4,6,0.0,0,0.0,3,3,0,0,0.0,0.0,0,0,0,,0,0,0,0,0.0,0.0,0.0,0,46,98,0,0,0,0.0,0.0,0.0,0.0,0.0,0.0,0.0
19,25-26-prem-arsenal-vs-manchester-city,10,1,0,1,0.16,0.0,1,0,0,1,5,1,0.0,0.0,0,0,0.0,0,0.0,0,0,0,0,0,0,0,0,1,0,0.0,0,0.0,0,0,0,0,0.0,0.0,0,0,0,,0,0,0,0,0.0,0.0,0.8,0,80,98,0,0,0,0.0,0.0,0.0,0.0,0.0,0.0,0.0
416,25-26-prem-arsenal-vs-manchester-city,90,0,0,0,0.0,0.02,0,0,0,1,50,25,0.0,1.0,5,0,0.0,2,0.0,0,1,6,1,2,1,0,4,4,4,0.0,0,0.0,3,1,0,0,0.0,0.0,0,0,0,,0,0,0,0,0.0,0.0,0.0,1,0,98,1,0,0,0.0,0.0,0.0,0.0,0.0,0.0,0.0
736,25-26-prem-arsenal-vs-manchester-city,90,0,0,0,0.0,0.0,0,0,0,0,36,14,0.0,0.0,5,0,0.0,8,0.0,0,0,4,0,5,0,0,1,0,0,0.0,1,0.0,0,0,2,1,1.28,0.28,0,14,8,,0,0,0,0,0.0,0.0,0.0,0,0,98,1,0,0,0.0,0.0,0.0,0.0,0.0,0.0,0.0
7,25-26-prem-arsenal-vs-manchester-city,90,0,0,3,0.14,0.05,0,0,0,7,74,40,0.0,0.0,1,0,0.0,3,0.0,0,0,6,0,2,2,0,7,8,4,0.0,3,0.0,1,3,0,0,0.0,0.0,0,0,0,,0,0,0,0,0.0,0.0,0.0,3,0,98,1,0,0,0.0,0.0,0.0,0.0,0.0,0.0,0.0
5,25-26-prem-arsenal-vs-manchester-city,90,0,0,0,0.0,0.01,0,0,0,0,73,60,0.0,0.0,7,0,0.0,3,0.0,0,0,1,0,7,6,2,4,4,2,0.0,2,0.0,1,1,0,0,0.0,0.0,0,0,0,,0,0,0,0,0.0,0.0,0.0,1,0,98,1,0,0,0.0,0.0,0.0,0.0,0.0,0.0,0.0
1,25-26-prem-arsenal-vs-manchester-city,90,0,0,0,0.0,0.01,0,0,0,0,39,25,0.0,0.0,10,0,0.0,6,0.0,0,0,6,0,1,0,0,1,0,1,0.0,0,0.0,1,0,2,1,1.11,0.11,0,25,6,,0,0,0,0,0.0,0.0,0.0,0,0,98,1,0,0,0.0,0.0,0.0,0.0,0.0,0.0,0.0
407,25-26-prem-arsenal-vs-manchester-city,45,0,0,0,0.0,0.0,0,0,0,0,26,7,0.0,0.0,1,0,0.0,1,0.0,0,1,2,0,5,3,2,3,3,2,0.0,1,0.0,1,0,0,0,0.0,0.0,0,0,0,,0,0,0,0,0.0,0.0,0.0,1,46,98,1,0,0,0.0,0.0,0.0,0.0,0.0,0.0,0.0
414,25-26-prem-arsenal-vs-manchester-city,68,0,0,0,0.0,0.01,0,0,0,0,27,15,0.0,0.0,0,0,0.0,0,0.0,0,0,2,0,4,0,0,2,2,2,0.0,0,0.0,0,1,0,0,0.0,0.0,0,0,0,,0,0,0,0,0.0,0.0,0.0,2,0,68,0,0,0,0.0,0.0,0.0,0.0,0.0,0.0,0.0
26,25-26-prem-arsenal-vs-manchester-city,89,0,0,1,0.05,0.04,0,0,0,5,73,56,0.0,1.0,9,1,0.0,2,0.0,0,1,3,0,1,1,0,2,5,0,0.0,2,0.0,0,1,0,0,0.0,0.0,0,0,0,,0,0,0,0,0.0,0.0,0.0,0,0,98,1,0,0,0.0,0.0,0.0,0.0,0.0,0.0,0.0
408,25-26-prem-arsenal-vs-manchester-city,90,0,0,0,0.0,0.0,0,0,0,0,33,22,0.0,0.0,5,0,0.0,1,0.0,0,0,1,0,6,1,0,1,4,0,0.0,1,0.0,0,0,0,0,0.0,0.0,0,0,0,,0,0,0,0,0.0,0.0,0.0,0,0,98,1,0,0,0.0,0.0,0.0,0.0,0.0,0.0,0.0
22,25-26-prem-arsenal-vs-manchester-city,45,0,0,0,0.0,0.03,0,1,0,0,34,18,0.0,1.0,4,0,0.0,0,0.0,0,1,4,0,1,1,0,3,4,3,0.0,0,0.0,1,0,0,0,0.0,0.0,0,0,0,,0,0,0,0,0.0,0.0,0.0,1,0,46,1,0,0,0.0,0.0,0.0,0.0,0.0,0.0,0.0
406,25-26-prem-arsenal-vs-manchester-city,45,0,0,0,0.0,0.0,0,0,0,0,29,14,0.0,0.0,5,0,0.0,1,0.0,0,0,3,0,3,1,0,0,1,0,0.0,0,0.0,0,0,0,0,0.0,0.0,0,0,0,,0,0,0,0,0.0,0.0,0.0,0,0,46,0,0,0,0.0,0.0,0.0,0.0,0.0,0.0,0.0
405,25-26-prem-arsenal-vs-manchester-city,22,0,0,0,0.0,0.03,0,0,0,0,9,5,0.0,0.0,1,0,0.0,0,0.0,0,0,0,0,2,0,0,1,0,1,0.0,0,0.0,1,0,0,0,0.0,0.0,0,0,0,,0,0,0,0,0.0,0.0,0.0,0,68,98,1,0,0,0.0,0.0,0.0,0.0,0.0,0.0,0.0
18,25-26-prem-arsenal-vs-manchester-city,45,0,0,2,0.15,0.01,1,0,1,6,32,10,0.0,0.0,0,0,0.0,1,0.0,0,0,2,0,0,0,2,0,5,0,0.0,0,0.0,0,0,0,0,0.0,0.0,0,0,0,,0,0,0,0,0.0,0.0,0.24,0,0,46,1,0,0,0.0,0.0,0.0,0.0,0.0,0.0,0.0
666,25-26-prem-arsenal-vs-manchester-city,90,0,0,0,0.0,0.01,0,0,0,6,23,7,0.0,0.0,1,0,0.0,0,0.0,0,0,3,0,0,0,0,2,5,0,0.0,2,0.0,0,0,0,0,0.0,0.0,0,0,0,,0,0,0,0,0.0,0.0,0.0,0,0,98,1,0,0,0.0,0.0,0.0,0.0,0.0,0.0,0.0
423,25-26-prem-arsenal-vs-manchester-city,14,0,0,0,0.0,0.0,0,1,0,0,10,6,0.0,0.0,1,0,0.0,0,0.0,0,0,1,0,1,0,1,2,7,1,0.0,1,0.0,0,1,0,0,0.0,0.0,0,0,0,,0,0,0,0,0.0,0.0,0.0,0,76,98,1,0,0,0.0,0.0,0.0,0.0,0.0,0.0,0.0
409,25-26-prem-arsenal-vs-manchester-city,3,0,0,0,0.0,0.0,0,0,0,1,2,0,0.0,0.0,0,0,0.0,0,0.0,0,0,0,0,0,0,0,1,0,0,0.0,1,0.0,0,0,0,0,0.0,0.0,0,0,0,,0,0,0,0,0.0,0.0,0.0,0,87,98,1,0,0,0.0,0.0,0.0,0.0,0.0,0.0,0.0
415,25-26-prem-arsenal-vs-manchester-city,3,0,0,0,0.0,0.0,0,0,0,0,10,4,0.0,0.0,0,0,0.0,0,0.0,0,0,1,0,0,0,0,1,2,1,0.0,0,0.0,1,1,0,0,0.0,0.0,0,0,0,,0,0,0,0,0.0,0.0,0.0,0,87,98,1,0,0,0.0,0.0,0.0,0.0,0.0,0.0,0.0
25,25-26-prem-arsenal-vs-manchester-city,6,0,0,0,0.0,0.0,0,0,0,0,6,4,0.0,0.0,1,0,0.0,0,0.0,0,0,1,0,0,0,1,0,1,0,0.0,0,0.0,0,0,0,0,0.0,0.0,0,0,0,,0,0,0,0,0.0,0.0,0.0,0,84,98,0,0,0,0.0,0.0,0.0,0.0,0.0,0.0,0.0
662,25-26-prem-arsenal-vs-manchester-city,1,0,0,0,0.0,0.0,0,0,0,0,2,1,0.0,0.0,0,0,0.0,0,0.0,0,0,1,0,0,0,0,0,1,0,0.0,0,0.0,0,0,0,0,0.0,0.0,0,0,0,,0,0,0,0,0.0,0.0,0.0,0,98,98,0,0,0,0.0,0.0,0.0,0.0,0.0,0.0,0.0
669,25-26-prem-burnley-vs-nottingham-forest,76,0,0,0,0.0,0.18,0,0,0,6,42,20,0.0,1.0,0,2,0.0,0,0.0,0,1,3,0,1,0,2,4,5,3,0.0,1,0.0,2,0,0,0,0.0,0.0,0,0,0,,0,0,0,0,0.0,0.0,0.0,1,0,76,1,0,0,0.0,0.0,0.0,0.0,0.0,0.0,0.0
561,25-26-prem-sunderland-vs-aston-villa,10,0,0,0,0.0,0.0,0,1,0,0,7,2,0.0,0.0,0,0,0.0,0,0.0,0,0,1,0,0,0,0,2,2,1,0.0,1,0.0,0,0,0,0,0.0,0.0,0,0,0,,0,0,0,0,0.0,0.0,0.0,0,80,91,0,0,0,0.0,0.0,0.0,0.0,0.0,0.0,0.0
292,25-26-prem-liverpool-vs-everton,86,0,0,0,0.0,0.17,0,0,0,2,46,20,0.0,1.0,4,0,0.0,2,0.0,0,0,3,1,4,0,0,1,5,1,0.0,0,0.0,0,3,0,0,0.0,0.0,0,0,0,,0,0,0,0,0.0,0.0,0.0,1,0,86,2,0,0,0.0,0.0,0.0,0.0,0.0,0.0,0.0
287,25-26-prem-liverpool-vs-everton,90,0,0,0,0.0,0.03,0,0,0,0,44,21,0.0,0.0,14,0,0.0,9,0.0,0,0,6,0,1,0,0,0,0,0,0.0,0,0.0,0,0,1,2,1.18,-0.82,3,21,9,,0,0,0,0,0.0,0.0,0.0,0,0,94,2,0,0,0.0,0.0,0.0,0.0,0.0,0.0,0.0
64,25-26-prem-sunderland-vs-aston-villa,90,0,0,0,0.0,0.0,0,0,1,3,16,4,0.0,0.0,0,0,0.0,0,0.0,0,0,1,0,0,0,0,3,3,3,0.0,0,0.0,2,1,0,0,0.0,0.0,0,0,0,,0,0,0,0,0.0,0.0,0.0,1,0,91,1,0,0,0.0,0.0,0.0,0.0,0.0,0.0,0.0
677,25-26-prem-sunderland-vs-aston-villa,73,0,0,1,0.25,0.07,1,0,1,3,34,16,0.0,0.0,2,0,0.0,1,0.0,0,0,4,1,2,1,0,4,7,3,0.0,1,0.0,2,1,0,0,0.0,0.0,0,0,0,,0,0,0,0,0.0,0.0,0.13,1,0,73,0,0,0,0.0,0.0,0.0,0.0,0.0,0.0,0.0
526,25-26-prem-burnley-vs-nottingham-forest,15,0,0,1,0.04,0.03,1,0,0,1,4,3,0.0,1.0,0,0,0.0,0,0.0,0,0,0,0,0,0,0,1,2,0,0.0,1,0.0,0,0,0,0,0.0,0.0,0,0,0,,0,0,0,0,0.0,0.0,0.06,0,75,92,0,0,0,0.0,0.0,0.0,0.0,0.0,0.0,0.0
516,25-26-prem-burnley-vs-nottingham-forest,31,0,0,1,0.01,0.03,0,0,0,0,24,15,0.0,2.0,0,0,0.0,0,0.0,0,0,0,0,0,0,0,0,2,0,0.0,0,0.0,0,1,0,0,0.0,0.0,0,0,0,,0,0,0,0,0.0,0.0,0.0,0,59,92,0,0,0,0.0,0.0,0.0,0.0,0.0,0.0,0.0
696,25-26-prem-burnley-vs-nottingham-forest,14,0,0,1,0.24,0.01,0,0,1,3,10,7,0.0,0.0,0,0,0.0,0,0.0,0,0,0,0,0,0,0,0,1,0,0.0,0,0.0,0,0,0,0,0.0,0.0,0,0,0,,0,0,0,0,0.0,0.0,0.0,0,76,92,0,0,0,0.0,0.0,0.0,0.0,0.0,0.0,0.0
54,25-26-prem-sunderland-vs-aston-villa,90,0,0,2,0.06,0.07,0,0,0,0,68,42,0.0,0.0,7,3,0.0,0,0.0,0,0,3,0,1,1,1,5,2,4,0.0,1,0.0,3,0,0,0,0.0,0.0,0,0,0,,0,0,0,0,0.0,0.0,0.0,1,0,91,1,0,0,0.0,0.0,0.0,0.0,0.0,0.0,0.0
384,25-26-prem-liverpool-vs-everton,61,0,0,1,0.08,0.1,0,0,0,4,41,18,0.0,2.0,0,0,0.0,0,0.0,0,1,2,0,3,2,3,4,8,2,0.0,2,0.0,1,1,0,0,0.0,0.0,0,0,0,,0,0,0,0,0.0,0.0,0.0,1,0,61,1,0,0,0.0,0.0,0.0,0.0,0.0,0.0,0.0
386,25-26-prem-liverpool-vs-everton,61,0,0,1,0.1,0.05,0,0,0,1,50,38,0.0,0.0,2,0,0.0,1,0.0,0,1,5,0,0,0,1,2,3,2,0.0,0,0.0,1,0,0,0,0.0,0.0,0,0,0,,0,0,0,0,0.0,0.0,0.0,1,0,61,1,0,0,0.0,0.0,0.0,0.0,0.0,0.0,0.0
295,25-26-prem-liverpool-vs-everton,90,0,0,0,0.0,0.01,0,0,0,1,42,28,0.0,0.0,3,0,0.0,2,0.0,0,2,7,0,4,4,1,3,3,1,0.0,2,0.0,0,0,0,0,0.0,0.0,0,0,0,,0,0,0,0,0.0,0.0,0.0,1,0,94,2,0,0,0.0,0.0,0.0,0.0,0.0,0.0,0.0
388,25-26-prem-liverpool-vs-everton,29,0,0,0,0.0,0.04,0,1,0,0,23,16,0.0,0.0,4,0,0.0,2,0.0,0,0,3,0,2,1,0,3,3,3,0.0,0,0.0,0,1,0,0,0.0,0.0,0,0,0,,0,0,0,0,0.0,0.0,0.0,2,61,94,0,0,0,0.0,0.0,0.0,0.0,0.0,0.0,0.0
375,25-26-prem-liverpool-vs-everton,90,0,0,1,0.04,0.04,0,0,0,1,60,29,0.0,0.0,4,0,0.0,2,0.0,0,3,1,0,1,1,1,3,8,3,0.0,0,0.0,2,4,0,0,0.0,0.0,0,0,0,,0,0,0,0,0.0,0.0,0.0,1,0,94,1,0,0,0.0,0.0,0.0,0.0,0.0,0.0,0.0
541,25-26-prem-sunderland-vs-aston-villa,33,0,0,0,0.0,0.0,0,0,0,0,18,12,0.0,0.0,2,0,0.0,0,0.0,0,1,0,0,0,0,0,1,3,1,0.0,0,0.0,1,2,0,0,0.0,0.0,0,0,0,,0,0,0,0,0.0,0.0,0.0,0,0,91,1,0,0,0.0,0.0,0.0,0.0,0.0,0.0,0.0
456,25-26-prem-sunderland-vs-aston-villa,8,0,0,1,0.02,0.04,0,0,0,2,20,13,0.0,0.0,0,0,0.0,0,0.0,0,0,0,0,0,0,0,0,1,0,0.0,0,0.0,0,0,0,0,0.0,0.0,0,0,0,,0,0,0,0,0.0,0.0,0.0,0,82,91,0,0,0,0.0,0.0,0.0,0.0,0.0,0.0,0.0
724,25-26-prem-sunderland-vs-aston-villa,9,0,0,0,0.0,0.0,0,0,0,0,6,1,0.0,0.0,1,0,0.0,0,0.0,0,1,0,1,0,0,0,0,1,0,0.0,0,0.0,0,0,0,0,0.0,0.0,0,0,0,,0,0,0,0,0.0,0.0,0.0,0,81,91,0,0,0,0.0,0.0,0.0,0.0,0.0,0.0,0.0
44,25-26-prem-sunderland-vs-aston-villa,8,0,0,0,0.0,0.0,0,0,0,2,16,13,0.0,0.0,2,0,0.0,0,0.0,0,0,2,0,0,0,0,1,2,0,0.0,1,0.0,0,1,0,0,0.0,0.0,0,0,0,,0,0,0,0,0.0,0.0,0.0,0,82,91,0,0,0,0.0,0.0,0.0,0.0,0.0,0.0,0.0
521,25-26-prem-burnley-vs-nottingham-forest,14,0,0,0,0.0,0.01,0,0,0,0,21,18,0.0,0.0,6,0,0.0,0,0.0,0,0,1,1,0,0,0,0,1,0,0.0,0,0.0,0,0,0,0,0.0,0.0,0,0,0,,0,0,0,0,0.0,0.0,0.0,0,76,92,0,0,0,0.0,0.0,0.0,0.0,0.0,0.0,0.0
209,25-26-prem-burnley-vs-nottingham-forest,90,0,0,0,0.0,0.01,0,0,0,1,43,31,0.0,0.0,5,1,0.0,0,0.0,0,1,2,1,1,1,0,1,1,0,0.0,1,0.0,0,1,0,0,0.0,0.0,0,0,0,,0,0,0,0,0.0,0.0,0.0,0,0,92,1,0,0,0.0,0.0,0.0,0.0,0.0,0.0,0.0
210,25-26-prem-burnley-vs-nottingham-forest,81,0,0,2,0.08,0.1,0,0,0,2,31,13,0.0,0.0,2,1,0.0,0,0.0,0,0,0,0,2,0,0,3,4,2,0.0,1,0.0,1,2,0,0,0.0,0.0,0,0,0,,0,0,0,0,0.0,0.0,0.0,1,0,81,1,0,0,0.0,0.0,0.0,0.0,0.0,0.0,0.0
207,25-26-prem-burnley-vs-nottingham-forest,9,0,0,0,0.0,0.08,0,1,0,0,7,1,0.0,1.0,0,1,0.0,0,0.0,0,0,1,0,0,0,0,2,2,2,0.0,0,0.0,1,1,0,0,0.0,0.0,0,0,0,,0,0,0,0,0.0,0.0,0.0,0,81,92,0,0,0,0.0,0.0,0.0,0.0,0.0,0.0,0.0
311,25-26-prem-liverpool-vs-everton,45,0,0,1,0.2,0.0,0,0,0,3,11,2,0.0,0.0,1,0,0.0,0,0.0,0,0,1,0,0,0,0,2,4,0,0.0,2,0.0,0,0,0,0,0.0,0.0,0,0,0,,0,0,0,0,0.0,0.0,0.0,0,0,46,2,0,0,0.0,0.0,0.0,0.0,0.0,0.0,0.0
553,25-26-prem-sunderland-vs-aston-villa,80,0,0,2,0.08,0.07,0,0,0,1,26,11,0.0,1.0,0,1,0.0,0,0.0,0,0,6,0,2,0,0,0,2,0,0.0,0,0.0,0,1,0,0,0.0,0.0,0,0,0,,0,0,0,0,0.0,0.0,0.0,0,0,80,1,0,0,0.0,0.0,0.0,0.0,0.0,0.0,0.0
39,25-26-prem-sunderland-vs-aston-villa,32,0,0,0,0.0,0.02,0,0,0,3,34,24,0.0,0.0,3,0,0.0,0,0.0,0,0,3,0,1,1,0,2,1,1,0.0,1,0.0,1,0,0,0,0.0,0.0,0,0,0,,0,0,0,0,0.0,0.0,0.0,0,58,91,1,0,0,0.0,0.0,0.0,0.0,0.0,0.0,0.0
371,25-26-prem-liverpool-vs-everton,90,0,0,0,0.0,0.04,0,2,0,1,58,31,0.0,1.0,3,1,0.0,0,0.0,0,2,1,0,6,6,1,7,3,5,0.0,2,0.0,1,2,0,0,0.0,0.0,0,0,0,,0,0,0,0,0.0,0.0,0.0,2,0,94,1,0,0,0.0,0.0,0.0,0.0,0.0,0.0,0.0
53,25-26-prem-sunderland-vs-aston-villa,17,0,0,2,0.17,0.04,0,0,0,5,14,7,0.0,1.0,0,0,0.0,0,0.0,0,0,0,0,0,0,1,2,2,1,0.0,1,0.0,0,0,0,0,0.0,0.0,0,0,0,,0,0,0,0,0.0,0.0,0.0,1,73,91,1,0,0,0.0,0.0,0.0,0.0,0.0,0.0,0.0
389,25-26-prem-sunderland-vs-aston-villa,32,0,0,2,0.17,0.06,0,0,0,3,37,26,0.0,0.0,6,1,0.0,0,0.0,0,0,1,0,0,0,0,0,1,0,0.0,0,0.0,0,0,0,0,0.0,0.0,0,0,0,,0,0,0,0,0.0,0.0,0.0,0,58,91,1,0,0,0.0,0.0,0.0,0.0,0.0,0.0,0.0
36,25-26-prem-sunderland-vs-aston-villa,90,1,0,2,0.05,0.05,1,0,0,1,86,56,0.0,0.0,12,0,0.0,2,0.0,0,1,3,0,2,2,1,5,2,4,0.0,1,0.0,2,1,0,0,0.0,0.0,0,0,0,,0,0,0,0,0.0,0.0,0.02,2,0,91,1,0,0,0.0,0.0,0.0,0.0,0.0,0.0,0.0
694,25-26-prem-sunderland-vs-aston-villa,90,0,0,1,0.07,0.16,0,0,0,3,48,12,0.0,3.0,5,0,0.0,0,0.0,0,0,3,1,12,8,0,7,3,4,0.0,3,0.0,1,2,0,0,0.0,0.0,0,0,0,,0,0,0,0,0.0,0.0,0.0,3,0,91,1,0,0,0.0,0.0,0.0,0.0,0.0,0.0,0.0
242,25-26-prem-liverpool-vs-everton,90,0,0,2,0.19,0.07,0,1,0,4,49,27,0.0,2.0,2,1,0.0,1,0.0,0,1,2,0,0,0,1,7,6,4,0.0,3,0.0,1,0,0,0,0.0,0.0,0,0,0,,0,0,0,0,0.0,0.0,0.0,2,0,94,2,0,0,0.0,0.0,0.0,0.0,0.0,0.0,0.0
499,25-26-prem-liverpool-vs-everton,23,0,0,0,0.0,0.01,0,0,0,2,10,4,0.0,0.0,0,0,0.0,0,0.0,0,0,2,0,0,0,0,1,1,1,0.0,0,0.0,0,0,0,0,0.0,0.0,0,0,0,,0,0,0,0,0.0,0.0,0.0,1,67,94,0,0,0,0.0,0.0,0.0,0.0,0.0,0.0,0.0
58,25-26-prem-sunderland-vs-aston-villa,82,0,1,0,0.0,0.08,0,0,0,0,78,63,0.0,2.0,12,0,0.0,2,0.0,0,1,2,1,2,2,2,5,5,3,0.0,2,0.0,1,0,0,0,0.0,0.0,0,0,0,,0,0,0,0,0.0,0.0,0.0,2,0,82,1,0,0,0.0,0.0,0.0,0.0,0.0,0.0,0.0
560,25-26-prem-sunderland-vs-aston-villa,80,1,0,6,0.62,0.0,2,1,0,5,17,1,0.0,0.0,1,0,0.0,0,0.0,0,0,2,0,0,0,0,5,4,3,0.0,2,0.0,1,0,0,0,0.0,0.0,0,0,0,,0,0,0,0,0.0,0.0,0.88,1,0,80,1,0,0,0.0,0.0,0.0,0.0,0.0,0.0,0.0
190,25-26-prem-burnley-vs-nottingham-forest,90,0,0,2,0.14,0.0,1,0,1,3,38,20,0.0,0.0,1,0,0.0,2,0.0,0,1,3,1,6,3,0,2,1,0,0.0,2,0.0,0,0,0,0,0.0,0.0,0,0,0,,0,0,0,0,0.0,0.0,0.12,0,0,92,1,0,0,0.0,0.0,0.0,0.0,0.0,0.0,0.0
525,25-26-prem-burnley-vs-nottingham-forest,75,0,0,2,0.41,0.0,1,0,1,2,20,11,0.0,1.0,0,0,0.0,0,0.0,0,0,2,0,2,1,0,1,1,1,0.0,0,0.0,1,0,0,0,0.0,0.0,0,0,0,,0,0,0,0,0.0,0.0,0.27,0,0,75,1,0,0,0.0,0.0,0.0,0.0,0.0,0.0,0.0
192,25-26-prem-burnley-vs-nottingham-forest,90,0,0,1,0.02,0.31,1,0,0,1,55,18,0.0,3.0,7,4,0.0,1,0.0,0,1,0,1,1,0,0,2,5,2,0.0,0,0.0,0,3,0,0,0.0,0.0,0,0,0,,0,0,0,0,0.0,0.0,0.09,2,0,92,1,0,0,0.0,0.0,0.0,0.0,0.0,0.0,0.0
734,25-26-prem-burnley-vs-nottingham-forest,59,0,0,2,0.06,0.01,2,1,0,2,44,20,0.0,1.0,1,0,0.0,1,0.0,0,0,5,1,0,0,1,3,6,3,0.0,0,0.0,2,2,0,0,0.0,0.0,0,0,0,,0,0,0,0,0.0,0.0,0.11,0,0,59,1,0,0,0.0,0.0,0.0,0.0,0.0,0.0,0.0
390,25-26-prem-liverpool-vs-everton,90,1,1,1,0.13,0.19,1,1,0,1,69,47,0.0,1.0,8,0,0.0,1,0.0,0,1,7,0,1,1,2,7,4,6,0.0,1,0.0,0,0,0,0,0.0,0.0,0,0,0,,0,0,0,0,0.0,0.0,0.68,5,0,94,1,0,0,0.0,0.0,0.0,0.0,0.0,0.0,0.0
299,25-26-prem-liverpool-vs-everton,86,0,1,0,0.0,0.16,0,9,0,1,56,20,0.0,2.0,1,1,0.0,1,0.0,0,0,9,0,1,1,3,14,13,14,0.0,0,0.0,3,3,0,0,0.0,0.0,0,0,0,,0,0,0,0,0.0,0.0,0.0,2,0,86,2,0,0,0.0,0.0,0.0,0.0,0.0,0.0,0.0
661,25-26-prem-liverpool-vs-everton,67,1,0,2,0.32,0.06,1,4,0,2,37,13,0.0,0.0,1,0,0.0,0,0.0,0,1,4,1,3,2,0,7,4,6,0.0,1,0.0,0,0,0,0,0.0,0.0,0,0,0,,0,0,0,0,0.0,0.0,0.35,2,0,67,1,0,0,0.0,0.0,0.0,0.0,0.0,0.0,0.0
382,25-26-prem-liverpool-vs-everton,29,0,0,0,0.0,0.03,0,1,0,2,13,8,0.0,1.0,0,0,0.0,0,0.0,0,0,0,0,0,0,1,1,6,1,0.0,0,0.0,0,1,0,0,0.0,0.0,0,0,0,,0,0,0,0,0.0,0.0,0.0,0,61,94,0,0,0,0.0,0.0,0.0,0.0,0.0,0.0,0.0
293,25-26-prem-liverpool-vs-everton,90,0,0,0,0.0,0.02,0,1,0,0,43,13,0.0,0.0,3,1,0.0,0,0.0,0,0,1,0,1,0,0,5,4,1,0.0,4,0.0,0,0,0,0,0.0,0.0,0,0,0,,0,0,0,0,0.0,0.0,0.0,0,0,94,2,0,0,0.0,0.0,0.0,0.0,0.0,0.0,0.0
302,25-26-prem-liverpool-vs-everton,90,1,0,3,0.26,0.02,2,0,0,4,60,35,0.0,0.0,7,0,0.0,3,0.0,0,2,7,1,0,0,2,2,2,2,0.0,0,0.0,0,0,0,0,0.0,0.0,0,0,0,,0,0,0,0,0.0,0.0,0.57,2,0,94,2,0,0,0.0,0.0,0.0,0.0,0.0,0.0,0.0
668,25-26-prem-sunderland-vs-aston-villa,90,0,1,1,0.07,0.09,1,0,0,1,44,23,0.0,2.0,8,0,0.0,5,0.0,0,0,3,0,1,0,0,6,5,5,0.0,1,0.0,1,4,0,0,0.0,0.0,0,0,0,,0,0,0,0,0.0,0.0,0.03,4,0,91,1,0,0,0.0,0.0,0.0,0.0,0.0,0.0,0.0
532,25-26-prem-sunderland-vs-aston-villa,90,0,0,0,0.0,0.04,0,0,0,1,45,11,0.0,1.0,1,1,0.0,0,0.0,0,1,2,0,6,1,0,8,5,5,0.0,3,0.0,2,0,0,0,0.0,0.0,0,0,0,,0,0,0,0,0.0,0.0,0.0,3,0,91,1,0,0,0.0,0.0,0.0,0.0,0.0,0.0,0.0
258,25-26-prem-west-ham-united-vs-crystal-palace,90,1,0,2,0.27,0.13,1,0,0,4,49,24,0.0,3.0,2,2,0.0,2,0.0,0,0,5,0,1,1,1,3,5,3,0.0,0,0.0,0,2,0,0,0.0,0.0,0,0,0,,0,0,0,0,0.0,0.0,0.33,3,0,93,1,0,0,0.0,0.0,0.0,0.0,0.0,0.0,0.0
261,25-26-prem-west-ham-united-vs-crystal-palace,90,0,0,0,0.0,0.0,0,0,0,0,51,25,0.0,0.0,4,0,0.0,2,0.0,0,1,0,0,12,9,0,7,1,4,0.0,3,0.0,0,0,0,0,0.0,0.0,0,0,0,,0,0,0,0,0.0,0.0,0.0,4,0,93,1,0,0,0.0,0.0,0.0,0.0,0.0,0.0,0.0
271,25-26-prem-west-ham-united-vs-crystal-palace,90,0,0,1,0.23,0.22,0,3,0,4,56,24,0.0,3.0,5,2,0.0,0,0.0,0,1,0,0,1,1,1,11,4,9,0.0,2,0.0,2,0,0,0,0.0,0.0,0,0,0,,0,0,0,0,0.0,0.0,0.0,4,0,93,1,0,0,0.0,0.0,0.0,0.0,0.0,0.0,0.0
260,25-26-prem-west-ham-united-vs-crystal-palace,90,0,0,1,0.2,0.01,0,0,0,1,60,36,0.0,0.0,8,0,0.0,3,0.0,0,2,2,0,3,3,2,11,4,9,0.0,2,0.0,4,0,0,0,0.0,0.0,0,0,0,,0,0,0,0,0.0,0.0,0.0,5,0,93,1,0,0,0.0,0.0,0.0,0.0,0.0,0.0,0.0
603,25-26-prem-west-ham-united-vs-crystal-palace,90,0,1,0,0.0,0.41,0,2,0,3,80,43,0.0,2.0,10,3,0.0,3,0.0,0,1,7,0,4,3,0,6,4,3,0.0,3,0.0,0,1,0,0,0.0,0.0,0,0,0,,0,0,0,0,0.0,0.0,0.0,1,0,93,2,0,0,0.0,0.0,0.0,0.0,0.0,0.0,0.0
253,25-26-prem-west-ham-united-vs-crystal-palace,90,0,0,0,0.0,0.03,0,0,0,0,42,22,0.0,0.0,9,0,0.0,8,0.0,0,0,7,0,3,0,0,3,1,1,0.0,2,0.0,1,0,2,1,1.55,0.55,0,22,8,,0,0,0,0,0.0,0.0,0.0,0,0,93,1,0,0,0.0,0.0,0.0,0.0,0.0,0.0,0.0
273,25-26-prem-west-ham-united-vs-crystal-palace,75,0,0,1,0.04,0.51,0,0,0,0,39,26,0.0,3.0,6,3,0.0,1,0.0,0,1,3,0,1,0,0,2,0,2,0.0,0,0.0,1,0,0,0,0.0,0.0,0,0,0,,0,0,0,0,0.0,0.0,0.0,1,0,75,1,0,0,0.0,0.0,0.0,0.0,0.0,0.0,0.0
283,25-26-prem-west-ham-united-vs-crystal-palace,90,1,0,2,0.61,0.0,1,0,0,2,25,5,0.0,0.0,2,0,0.0,1,0.0,0,0,4,0,3,3,0,4,8,0,0.0,4,0.0,0,0,0,0,0.0,0.0,0,0,0,,0,0,0,0,0.0,0.0,0.75,0,0,93,1,0,0,0.0,0.0,0.0,0.0,0.0,0.0,0.0
256,25-26-prem-west-ham-united-vs-crystal-palace,90,0,0,3,0.22,0.13,0,0,0,6,45,23,0.0,1.0,1,1,0.0,0,0.0,0,1,4,0,1,1,2,3,3,2,0.0,1,0.0,1,0,0,0,0.0,0.0,0,0,0,,0,0,0,0,0.0,0.0,0.0,1,0,93,1,0,0,0.0,0.0,0.0,0.0,0.0,0.0,0.0
257,25-26-prem-west-ham-united-vs-crystal-palace,90,0,0,1,0.2,0.0,0,0,1,1,49,30,0.0,0.0,2,0,0.0,2,0.0,0,1,3,0,3,1,0,4,4,2,0.0,2,0.0,1,0,0,0,0.0,0.0,0,0,0,,0,0,0,0,0.0,0.0,0.0,1,0,93,1,0,0,0.0,0.0,0.0,0.0,0.0,0.0,0.0
624,25-26-prem-west-ham-united-vs-crystal-palace,90,1,0,2,0.25,0.05,1,1,0,3,29,9,0.0,1.0,2,1,0.0,2,0.0,0,0,1,0,1,1,0,3,6,3,0.0,0,0.0,1,0,0,0,0.0,0.0,0,0,0,,0,0,0,0,0.0,0.0,0.92,1,0,93,2,0,0,0.0,0.0,0.0,0.0,0.0,0.0,0.0
272,25-26-prem-west-ham-united-vs-crystal-palace,25,0,0,2,0.11,0.0,1,0,0,2,22,11,0.0,1.0,2,0,0.0,0,0.0,0,1,3,0,2,2,1,5,2,2,0.0,3,0.0,2,1,0,0,0.0,0.0,0,0,0,,0,0,0,0,0.0,0.0,0.49,0,65,93,0,0,0,0.0,0.0,0.0,0.0,0.0,0.0,0.0
276,25-26-prem-west-ham-united-vs-crystal-palace,45,0,0,2,0.09,0.04,0,2,0,1,24,10,0.0,0.0,3,0,0.0,2,0.0,0,0,4,0,0,0,1,5,5,4,0.0,1,0.0,1,1,0,0,0.0,0.0,0,0,0,,0,0,0,0,0.0,0.0,0.0,1,46,93,1,0,0,0.0,0.0,0.0,0.0,0.0,0.0,0.0
712,25-26-prem-west-ham-united-vs-crystal-palace,45,0,0,2,0.11,0.26,0,0,0,3,24,10,0.0,1.0,1,0,0.0,1,0.0,0,0,0,0,1,1,1,4,2,2,0.0,2,0.0,1,1,0,0,0.0,0.0,0,0,0,,0,0,0,0,0.0,0.0,0.0,1,0,46,0,0,0,0.0,0.0,0.0,0.0,0.0,0.0,0.0
606,25-26-prem-west-ham-united-vs-crystal-palace,90,0,0,1,0.22,0.01,1,0,0,2,72,54,0.0,0.0,7,0,0.0,7,0.0,0,2,5,1,7,6,1,5,5,1,0.0,4,0.0,0,0,0,0,0.0,0.0,0,0,0,,0,0,0,0,0.0,0.0,0.56,1,0,93,2,0,0,0.0,0.0,0.0,0.0,0.0,0.0,0.0
270,25-26-prem-west-ham-united-vs-crystal-palace,65,0,0,0,0.0,0.01,0,0,0,1,30,20,0.0,0.0,1,0,0.0,0,0.0,0,1,1,1,2,1,1,1,2,0,0.0,1,0.0,0,0,0,0,0.0,0.0,0,0,0,,0,0,0,0,0.0,0.0,0.0,0,0,65,1,0,0,0.0,0.0,0.0,0.0,0.0,0.0,0.0
659,25-26-prem-west-ham-united-vs-crystal-palace,90,0,0,2,0.1,0.02,1,1,0,3,65,38,0.0,0.0,7,0,0.0,0,0.0,0,0,4,1,1,0,0,6,2,4,0.0,2,0.0,2,0,0,0,0.0,0.0,0,0,0,,0,0,0,0,0.0,0.0,0.08,1,0,93,2,0,0,0.0,0.0,0.0,0.0,0.0,0.0,0.0
612,25-26-prem-west-ham-united-vs-crystal-palace,90,0,0,1,0.03,0.08,0,3,0,3,70,33,0.0,2.0,7,1,0.0,1,0.0,0,0,5,0,0,0,0,7,9,6,0.0,1,0.0,1,3,0,0,0.0,0.0,0,0,0,,0,0,0,0,0.0,0.0,0.0,2,0,93,2,0,0,0.0,0.0,0.0,0.0,0.0,0.0,0.0
284,25-26-prem-west-ham-united-vs-crystal-palace,15,0,0,1,0.04,0.0,0,0,0,2,14,6,0.0,1.0,2,0,0.0,0,0.0,0,0,1,0,1,0,0,2,1,1,0.0,1,0.0,1,0,0,0,0.0,0.0,0,0,0,,0,0,0,0,0.0,0.0,0.0,0,75,93,0,0,0,0.0,0.0,0.0,0.0,0.0,0.0,0.0
605,25-26-prem-west-ham-united-vs-crystal-palace,90,0,0,0,0.0,0.0,0,1,0,0,68,53,0.0,0.0,1,0,0.0,0,0.0,0,1,4,2,4,3,1,9,9,3,0.0,6,0.0,0,1,0,0,0.0,0.0,0,0,0,,0,0,0,0,0.0,0.0,0.0,2,0,93,2,0,0,0.0,0.0,0.0,0.0,0.0,0.0,0.0
708,25-26-prem-west-ham-united-vs-crystal-palace,78,0,0,0,0.0,0.01,0,1,0,0,47,34,0.0,0.0,3,0,0.0,1,0.0,0,1,2,1,1,0,1,1,2,1,0.0,0,0.0,0,0,0,0,0.0,0.0,0,0,0,,0,0,0,0,0.0,0.0,0.0,0,0,78,2,0,0,0.0,0.0,0.0,0.0,0.0,0.0,0.0
614,25-26-prem-west-ham-united-vs-crystal-palace,90,0,0,1,0.02,0.23,0,0,0,0,60,40,0.0,2.0,8,1,0.0,4,0.0,0,1,1,0,1,0,2,1,8,1,0.0,0,0.0,0,3,0,0,0.0,0.0,0,0,0,,0,0,0,0,0.0,0.0,0.0,1,0,93,2,0,0,0.0,0.0,0.0,0.0,0.0,0.0,0.0
718,25-26-prem-west-ham-united-vs-crystal-palace,12,0,0,0,0.0,0.0,0,0,0,0,10,5,0.0,0.0,0,0,0.0,1,0.0,0,0,1,0,0,0,0,0,1,0,0.0,0,0.0,0,1,0,0,0.0,0.0,0,0,0,,0,0,0,0,0.0,0.0,0.0,0,78,93,0,0,0,0.0,0.0,0.0,0.0,0.0,0.0,0.0
600,25-26-prem-west-ham-united-vs-crystal-palace,90,0,0,0,0.0,0.0,0,0,0,0,46,24,0.0,0.0,9,0,0.0,2,0.0,0,0,7,0,2,0,0,0,0,0,0.0,0,0.0,0,0,1,2,1.57,-0.43,0,24,2,,1,0,0,0,0.0,0.0,0.0,0,0,93,2,0,0,0.0,0.0,0.0,0.0,0.0,0.0,0.0
619,25-26-prem-west-ham-united-vs-crystal-palace,12,0,0,1,0.07,0.0,0,0,0,1,3,1,0.0,0.0,0,0,0.0,0,0.0,0,0,0,0,0,0,0,0,1,0,0.0,0,0.0,0,0,0,0,0.0,0.0,0,0,0,,0,0,0,0,0.0,0.0,0.0,0,78,93,0,0,0,0.0,0.0,0.0,0.0,0.0,0.0,0.0
625,25-26-prem-west-ham-united-vs-crystal-palace,31,0,0,0,0.0,0.04,0,0,0,1,4,3,0.0,1.0,0,0,0.0,0,0.0,0,0,0,0,0,0,0,1,6,0,0.0,1,0.0,0,3,0,0,0.0,0.0,0,0,0,,0,0,0,0,0.0,0.0,0.0,0,59,93,1,0,0,0.0,0.0,0.0,0.0,0.0,0.0,0.0
671,25-26-prem-west-ham-united-vs-crystal-palace,59,0,0,0,0.0,0.0,0,0,0,2,10,3,0.0,0.0,0,0,0.0,0,0.0,0,0,0,1,0,0,0,1,4,0,0.0,1,0.0,0,1,0,0,0.0,0.0,0,0,0,,0,0,0,0,0.0,0.0,0.0,0,0,59,1,0,0,0.0,0.0,0.0,0.0,0.0,0.0,0.0
615,25-26-prem-west-ham-united-vs-crystal-palace,78,0,0,0,0.0,0.06,0,1,0,1,38,22,0.0,0.0,0,1,0.0,1,0.0,0,0,3,0,0,0,0,2,8,2,0.0,0,0.0,1,2,0,0,0.0,0.0,0,0,0,,0,0,0,0,0.0,0.0,0.0,0,0,78,2,0,0,0.0,0.0,0.0,0.0,0.0,0.0,0.0
37,25-26-prem-sunderland-vs-aston-villa,58,0,0,0,0.0,0.04,0,0,0,1,43,27,0.0,0.0,0,0,0.0,1,0.0,0,1,2,0,0,0,0,0,1,0,0.0,0,0.0,0,0,0,0,0.0,0.0,0,0,0,,0,0,0,0,0.0,0.0,0.0,0,0,58,0,0,0,0.0,0.0,0.0,0.0,0.0,0.0,0.0
387,25-26-prem-liverpool-vs-everton,90,0,0,2,0.07,0.03,0,1,0,5,72,42,0.0,1.0,10,1,0.0,0,0.0,0,0,7,1,1,1,1,4,4,4,0.0,0,0.0,2,1,0,0,0.0,0.0,0,0,0,,0,0,0,0,0.0,0.0,0.0,1,0,94,1,0,0,0.0,0.0,0.0,0.0,0.0,0.0,0.0
374,25-26-prem-liverpool-vs-everton,90,0,0,1,0.04,0.0,0,0,0,1,63,42,0.0,0.0,2,0,0.0,1,0.0,0,0,2,1,8,7,1,10,3,2,0.0,8,0.0,0,1,0,0,0.0,0.0,0,0,0,,0,0,0,0,0.0,0.0,0.0,2,0,94,1,0,0,0.0,0.0,0.0,0.0,0.0,0.0,0.0
373,25-26-prem-liverpool-vs-everton,90,0,0,0,0.0,0.01,0,0,0,1,78,61,0.0,0.0,10,0,0.0,1,0.0,0,2,3,0,8,6,0,3,2,0,0.0,3,0.0,0,0,0,0,0.0,0.0,0,0,0,,0,0,0,0,0.0,0.0,0.0,0,0,94,1,0,0,0.0,0.0,0.0,0.0,0.0,0.0,0.0
381,25-26-prem-liverpool-vs-everton,90,0,1,2,0.12,0.19,1,0,0,5,52,22,0.0,1.0,1,0,0.0,1,0.0,0,1,2,0,1,0,1,3,7,2,0.0,1,0.0,2,0,0,0,0.0,0.0,0,0,0,,0,0,0,1,0.0,0.0,0.14,0,0,94,1,0,0,0.0,0.0,0.0,0.0,0.0,0.0,0.0
291,25-26-prem-liverpool-vs-everton,90,0,0,0,0.0,0.02,0,0,0,0,57,32,0.0,0.0,8,0,0.0,3,0.0,0,1,2,2,8,7,1,6,2,4,0.0,2,0.0,1,0,0,0,0.0,0.0,0,0,0,,0,0,0,0,0.0,0.0,0.0,3,0,94,2,0,0,0.0,0.0,0.0,0.0,0.0,0.0,0.0
597,25-26-prem-brighton-hove-albion-vs-tottenham-hotspur,90,1,0,5,0.76,0.04,2,2,0,11,43,17,0.0,1.0,1,0,0.0,1,0.0,0,0,2,0,0,0,0,6,4,4,0.0,2,0.0,1,2,0,0,0.0,0.0,0,0,0,,0,0,0,0,0.0,0.0,0.75,1,0,90,2,0,0,0.0,0.0,0.0,0.0,0.0,0.0,0.0
160,25-26-prem-brighton-hove-albion-vs-tottenham-hotspur,75,1,0,1,0.74,0.0,1,1,0,4,27,10,0.0,1.0,4,0,0.0,1,0.0,0,0,5,0,0,0,0,5,2,4,0.0,1,0.0,1,1,0,0,0.0,0.0,0,0,0,,0,0,0,0,0.0,0.0,0.99,2,0,75,1,0,0,0.0,0.0,0.0,0.0,0.0,0.0,0.0
582,25-26-prem-brighton-hove-albion-vs-tottenham-hotspur,90,0,1,2,0.11,0.16,0,6,0,8,64,22,0.0,2.0,1,2,0.0,1,0.0,0,0,5,0,0,0,0,8,12,8,0.0,0,0.0,0,4,0,0,0.0,0.0,0,0,0,,0,0,0,0,0.0,0.0,0.0,2,0,90,2,0,0,0.0,0.0,0.0,0.0,0.0,0.0,0.0
166,25-26-prem-brighton-hove-albion-vs-tottenham-hotspur,90,1,0,5,0.29,0.02,2,0,0,2,54,28,0.0,1.0,3,0,0.0,4,0.0,0,1,7,0,1,0,1,3,10,2,0.0,1,0.0,1,3,0,0,0.0,0.0,0,0,0,,0,0,0,0,0.0,0.0,0.2,1,0,90,2,0,0,0.0,0.0,0.0,0.0,0.0,0.0,0.0
569,25-26-prem-brighton-hove-albion-vs-tottenham-hotspur,90,0,0,0,0.0,0.02,0,0,0,0,80,58,0.0,0.0,7,0,0.0,1,0.0,0,5,4,0,7,5,2,11,6,7,0.0,4,0.0,1,2,0,0,0.0,0.0,0,0,0,,0,0,0,0,0.0,0.0,0.0,6,0,90,2,0,0,0.0,0.0,0.0,0.0,0.0,0.0,0.0
585,25-26-prem-brighton-hove-albion-vs-tottenham-hotspur,61,0,0,0,0.0,0.34,0,1,0,5,54,38,0.0,2.0,4,0,0.0,0,0.0,0,0,5,0,1,1,1,6,5,3,0.0,3,0.0,1,1,0,0,0.0,0.0,0,0,0,,0,0,0,0,0.0,0.0,0.0,1,0,61,2,0,0,0.0,0.0,0.0,0.0,0.0,0.0,0.0
673,25-26-prem-brighton-hove-albion-vs-tottenham-hotspur,90,0,0,0,0.0,0.02,0,0,0,1,63,42,0.0,0.0,7,0,0.0,4,0.0,0,2,4,0,1,1,0,10,6,8,0.0,2,0.0,1,0,0,0,0.0,0.0,0,0,0,,0,0,0,0,0.0,0.0,0.0,7,0,90,2,0,0,0.0,0.0,0.0,0.0,0.0,0.0,0.0
152,25-26-prem-brighton-hove-albion-vs-tottenham-hotspur,90,0,0,0,0.0,0.0,0,0,0,0,45,19,0.0,0.0,4,1,0.0,0,0.0,0,3,4,0,4,0,0,8,0,8,0.0,0,0.0,1,0,0,0,0.0,0.0,0,0,0,,0,0,0,0,0.0,0.0,0.0,7,0,90,2,0,0,0.0,0.0,0.0,0.0,0.0,0.0,0.0
139,25-26-prem-brighton-hove-albion-vs-tottenham-hotspur,90,0,0,0,0.0,0.0,0,0,0,0,41,15,0.0,0.0,10,0,0.0,5,0.0,0,0,7,0,1,0,0,0,0,0,0.0,0,0.0,0,0,2,2,1.55,0.55,0,15,5,,0,0,0,0,0.0,0.0,0.0,0,0,90,2,0,0,0.0,0.0,0.0,0.0,0.0,0.0,0.0
568,25-26-prem-brighton-hove-albion-vs-tottenham-hotspur,89,0,0,0,0.0,0.06,0,0,0,1,83,42,0.0,2.0,15,1,0.0,6,0.0,0,1,3,1,3,1,1,6,3,5,0.0,1,0.0,2,1,0,0,0.0,0.0,0,0,0,,0,0,0,0,0.0,0.0,0.0,3,0,89,2,0,0,0.0,0.0,0.0,0.0,0.0,0.0,0.0
169,25-26-prem-brighton-hove-albion-vs-tottenham-hotspur,45,0,0,1,0.02,0.05,0,0,0,1,23,11,0.0,1.0,1,1,0.0,2,0.0,0,0,2,0,0,0,1,6,2,4,0.0,2,0.0,1,1,0,0,0.0,0.0,0,0,0,,0,0,0,0,0.0,0.0,0.0,3,46,90,1,0,0,0.0,0.0,0.0,0.0,0.0,0.0,0.0
148,25-26-prem-brighton-hove-albion-vs-tottenham-hotspur,85,0,0,1,0.04,0.01,0,0,0,1,39,15,0.0,1.0,7,0,0.0,2,0.0,0,0,5,0,1,1,5,7,6,7,0.0,0,0.0,3,0,0,0,0.0,0.0,0,0,0,,0,0,0,0,0.0,0.0,0.0,4,0,85,2,0,0,0.0,0.0,0.0,0.0,0.0,0.0,0.0
157,25-26-prem-brighton-hove-albion-vs-tottenham-hotspur,90,0,0,1,0.07,0.05,1,2,0,2,40,15,0.0,1.0,2,0,0.0,0,0.0,0,0,5,0,2,2,1,4,10,3,0.0,1,0.0,1,1,0,0,0.0,0.0,0,0,0,,0,0,0,0,0.0,0.0,0.2,0,0,90,2,0,0,0.0,0.0,0.0,0.0,0.0,0.0,0.0
574,25-26-prem-brighton-hove-albion-vs-tottenham-hotspur,90,0,0,0,0.0,0.08,0,1,0,8,86,58,0.0,1.0,10,0,0.0,2,0.0,0,1,10,0,1,0,0,3,5,3,0.0,0,0.0,1,0,0,0,0.0,0.0,0,0,0,,0,0,0,0,0.0,0.0,0.0,1,0,90,2,0,0,0.0,0.0,0.0,0.0,0.0,0.0,0.0
158,25-26-prem-brighton-hove-albion-vs-tottenham-hotspur,75,0,1,0,0.0,0.03,0,2,0,3,42,9,0.0,2.0,4,0,0.0,1,0.0,0,0,1,0,5,5,2,4,14,3,0.0,1,0.0,0,2,0,0,0.0,0.0,0,0,0,,0,0,0,0,0.0,0.0,0.0,1,0,75,1,0,0,0.0,0.0,0.0,0.0,0.0,0.0,0.0
170,25-26-prem-brighton-hove-albion-vs-tottenham-hotspur,27,0,0,0,0.0,0.04,0,0,0,0,20,14,0.0,1.0,4,0,0.0,3,0.0,0,0,3,0,1,0,0,1,1,1,0.0,0,0.0,1,1,0,0,0.0,0.0,0,0,0,,0,0,0,0,0.0,0.0,0.0,0,63,90,1,0,0,0.0,0.0,0.0,0.0,0.0,0.0,0.0
717,25-26-prem-brighton-hove-albion-vs-tottenham-hotspur,29,0,0,3,0.25,0.07,1,1,0,3,28,16,0.0,1.0,1,0,0.0,1,0.0,0,0,1,0,0,0,0,2,2,2,0.0,0,0.0,1,0,0,0,0.0,0.0,0,0,0,,0,0,0,0,0.0,0.0,0.8,0,61,90,0,0,0,0.0,0.0,0.0,0.0,0.0,0.0,0.0
146,25-26-prem-brighton-hove-albion-vs-tottenham-hotspur,90,0,0,1,0.01,0.0,0,0,0,0,53,34,0.0,0.0,6,0,0.0,1,0.0,0,0,4,2,8,4,1,3,3,2,0.0,1,0.0,0,0,0,0,0.0,0.0,0,0,0,,0,0,0,0,0.0,0.0,0.0,2,0,90,2,0,0,0.0,0.0,0.0,0.0,0.0,0.0,0.0
144,25-26-prem-brighton-hove-albion-vs-tottenham-hotspur,15,0,0,0,0.0,0.0,0,0,0,0,6,3,0.0,0.0,1,0,0.0,1,0.0,0,0,1,0,3,2,0,2,0,0,0.0,2,0.0,0,0,0,0,0.0,0.0,0,0,0,,0,0,0,0,0.0,0.0,0.0,0,75,90,1,0,0,0.0,0.0,0.0,0.0,0.0,0.0,0.0
586,25-26-prem-brighton-hove-albion-vs-tottenham-hotspur,89,0,0,0,0.0,0.01,0,2,0,2,52,22,0.0,0.0,3,0,0.0,1,0.0,0,0,8,0,1,1,1,7,5,7,0.0,0,0.0,2,1,0,0,0.0,0.0,0,0,0,,0,0,0,0,0.0,0.0,0.0,3,0,89,2,0,0,0.0,0.0,0.0,0.0,0.0,0.0,0.0
588,25-26-prem-brighton-hove-albion-vs-tottenham-hotspur,72,0,0,1,0.11,0.13,0,0,0,5,48,33,0.0,0.0,4,0,0.0,1,0.0,0,0,4,0,0,0,0,0,5,0,0.0,0,0.0,0,1,0,0,0.0,0.0,0,0,0,,0,0,0,0,0.0,0.0,0.0,0,0,72,2,0,0,0.0,0.0,0.0,0.0,0.0,0.0,0.0
575,25-26-prem-brighton-hove-albion-vs-tottenham-hotspur,90,0,0,0,0.0,0.01,0,0,0,1,74,67,0.0,0.0,7,0,0.0,3,0.0,0,0,3,0,1,1,0,2,2,2,0.0,0,0.0,0,1,0,0,0.0,0.0,0,0,0,,0,0,0,0,0.0,0.0,0.0,2,0,90,2,0,0,0.0,0.0,0.0,0.0,0.0,0.0,0.0
167,25-26-prem-brighton-hove-albion-vs-tottenham-hotspur,45,0,0,0,0.0,0.01,0,0,0,0,24,12,0.0,0.0,6,0,0.0,2,0.0,0,0,3,0,2,1,0,4,5,2,0.0,2,0.0,0,1,0,0,0.0,0.0,0,0,0,,0,0,0,0,0.0,0.0,0.0,2,0,46,1,0,0,0.0,0.0,0.0,0.0,0.0,0.0,0.0
151,25-26-prem-brighton-hove-albion-vs-tottenham-hotspur,90,0,0,0,0.0,0.0,0,0,0,0,51,26,0.0,0.0,3,0,0.0,2,0.0,0,1,1,0,10,6,1,5,2,3,0.0,2,0.0,2,0,0,0,0.0,0.0,0,0,0,,0,0,0,0,0.0,0.0,0.0,1,0,90,2,0,0,0.0,0.0,0.0,0.0,0.0,0.0,0.0
162,25-26-prem-brighton-hove-albion-vs-tottenham-hotspur,63,0,0,1,0.05,0.01,0,0,0,1,22,8,0.0,1.0,0,0,0.0,0,0.0,0,0,3,0,1,0,0,3,4,3,0.0,0,0.0,2,0,0,0,0.0,0.0,0,0,0,,0,0,0,0,0.0,0.0,0.0,1,0,63,1,0,0,0.0,0.0,0.0,0.0,0.0,0.0,0.0
580,25-26-prem-brighton-hove-albion-vs-tottenham-hotspur,18,0,0,0,0.0,0.0,0,0,0,0,8,5,0.0,0.0,0,0,0.0,0,0.0,0,0,0,0,0,0,0,0,0,0,0.0,0,0.0,0,0,0,0,0.0,0.0,0,0,0,,0,0,0,1,0.0,0.0,0.0,0,72,90,0,0,0,0.0,0.0,0.0,0.0,0.0,0.0,0.0
178,25-26-prem-brighton-hove-albion-vs-tottenham-hotspur,15,0,0,1,0.06,0.06,0,1,0,3,13,8,0.0,0.0,0,0,0.0,0,0.0,0,0,0,0,0,0,1,1,2,1,0.0,0,0.0,0,0,0,0,0.0,0.0,0,0,0,,0,0,0,0,0.0,0.0,0.0,0,75,90,1,0,0,0.0,0.0,0.0,0.0,0.0,0.0,0.0
565,25-26-prem-brighton-hove-albion-vs-tottenham-hotspur,90,0,0,0,0.0,0.0,0,0,0,0,53,33,0.0,0.0,6,0,0.0,8,0.0,0,0,15,0,1,0,0,0,1,0,0.0,0,0.0,0,0,2,2,1.39,-0.61,2,33,8,,1,0,0,0,0.0,0.0,0.0,0,0,90,2,0,0,0.0,0.0,0.0,0.0,0.0,0.0,0.0
573,25-26-prem-brighton-hove-albion-vs-tottenham-hotspur,1,0,0,0,0.0,0.0,0,0,0,0,3,2,0.0,0.0,0,0,0.0,0,0.0,0,0,0,0,0,0,0,1,1,1,0.0,0,0.0,0,0,0,0,0.0,0.0,0,0,0,,0,0,0,0,0.0,0.0,0.0,1,89,90,0,0,0,0.0,0.0,0.0,0.0,0.0,0.0,0.0
173,25-26-prem-brighton-hove-albion-vs-tottenham-hotspur,5,0,0,0,0.0,0.01,0,0,0,0,9,5,0.0,0.0,1,0,0.0,0,0.0,0,0,1,0,0,0,0,1,1,1,0.0,0,0.0,0,0,0,0,0.0,0.0,0,0,0,,0,0,0,0,0.0,0.0,0.0,1,85,90,0,0,0,0.0,0.0,0.0,0.0,0.0,0.0,0.0
591,25-26-prem-brighton-hove-albion-vs-tottenham-hotspur,1,0,0,0,0.0,0.0,0,0,0,0,2,2,0.0,1.0,1,0,0.0,0,0.0,0,0,0,0,0,0,0,0,0,0,0.0,0,0.0,0,0,0,0,0.0,0.0,0,0,0,,0,0,0,0,0.0,0.0,0.0,0,89,90,0,0,0,0.0,0.0,0.0,0.0,0.0,0.0,0.0
660,25-26-prem-wolverhampton-wanderers-vs-leeds-united,90,1,1,1,0.08,0.05,1,0,0,3,59,31,0.0,1.0,4,0,0.0,1,0.0,0,0,7,0,3,2,0,5,1,5,0.0,0,0.0,2,0,0,0,0.0,0.0,0,0,0,,0,0,0,0,0.0,0.0,0.48,3,0,92,1,0,0,0.0,0.0,0.0,0.0,0.0,0.0,0.0
517,25-26-prem-burnley-vs-nottingham-forest,90,0,0,1,0.04,0.25,0,1,0,3,126,99,0.0,2.0,19,2,0.0,1,0.0,0,2,9,0,3,1,1,3,3,3,0.0,0,0.0,1,0,0,0,0.0,0.0,0,0,0,,0,0,0,0,0.0,0.0,0.0,1,0,92,1,0,0,0.0,0.0,0.0,0.0,0.0,0.0,0.0
217,25-26-prem-burnley-vs-nottingham-forest,86,0,1,1,0.02,0.03,0,3,0,3,30,11,0.0,2.0,2,0,0.0,0,0.0,0,0,3,1,1,0,0,8,3,6,0.0,2,0.0,4,1,0,0,0.0,0.0,0,0,0,,0,0,0,0,0.0,0.0,0.0,0,0,86,1,0,0,0.0,0.0,0.0,0.0,0.0,0.0,0.0
698,25-26-prem-wolverhampton-wanderers-vs-leeds-united,70,1,0,1,0.15,0.02,1,6,0,4,40,6,0.0,0.0,4,0,0.0,1,0.0,0,1,4,0,0,0,2,8,13,8,0.0,0,0.0,2,1,0,0,0.0,0.0,0,0,0,,0,0,0,0,0.0,0.0,0.2,0,0,70,1,0,0,0.0,0.0,0.0,0.0,0.0,0.0,0.0
341,25-26-prem-wolverhampton-wanderers-vs-leeds-united,90,0,0,0,0.0,0.0,0,0,0,0,53,18,0.0,0.0,8,0,0.0,7,0.0,0,0,15,0,2,0,0,3,0,1,0.0,2,0.0,1,0,5,1,1.58,0.58,0,18,7,,1,0,0,0,0.0,0.0,0.0,0,0,92,1,0,0,0.0,0.0,0.0,0.0,0.0,0.0,0.0
691,25-26-prem-wolverhampton-wanderers-vs-leeds-united,89,1,0,1,0.12,0.02,1,0,0,3,33,11,0.0,1.0,2,0,0.0,1,0.0,0,0,2,0,1,1,0,6,11,4,0.0,2,0.0,3,3,0,0,0.0,0.0,0,0,0,,0,0,0,0,0.0,0.0,0.73,1,0,92,1,0,0,0.0,0.0,0.0,0.0,0.0,0.0,0.0
354,25-26-prem-wolverhampton-wanderers-vs-leeds-united,90,0,0,1,0.02,0.01,0,1,0,0,71,50,0.0,0.0,5,0,0.0,2,0.0,0,0,6,0,5,1,0,7,4,5,0.0,2,0.0,0,1,0,0,0.0,0.0,0,0,0,,0,0,0,0,0.0,0.0,0.0,4,0,92,1,0,0,0.0,0.0,0.0,0.0,0.0,0.0,0.0
631,25-26-prem-wolverhampton-wanderers-vs-leeds-united,90,0,0,3,0.09,0.11,2,1,0,3,116,67,0.0,1.0,27,2,0.0,5,0.0,0,0,10,0,4,2,3,14,4,9,0.0,5,0.0,1,1,0,0,0.0,0.0,0,0,0,,0,0,0,0,0.0,0.0,0.19,7,0,92,3,0,0,0.0,0.0,0.0,0.0,0.0,0.0,0.0
695,25-26-prem-wolverhampton-wanderers-vs-leeds-united,90,0,0,0,0.0,0.06,0,1,0,3,55,26,0.0,2.0,5,3,0.0,1,0.0,0,0,6,0,2,2,1,8,3,5,0.0,3,0.0,0,0,0,0,0.0,0.0,0,0,0,,0,0,0,0,0.0,0.0,0.0,4,0,92,3,0,0,0.0,0.0,0.0,0.0,0.0,0.0,0.0
709,25-26-prem-wolverhampton-wanderers-vs-leeds-united,90,1,0,1,0.68,0.04,1,0,0,1,69,51,0.0,1.0,8,0,0.0,4,0.0,0,1,4,0,2,1,1,6,8,5,0.0,1,0.0,0,5,0,0,0.0,0.0,0,0,0,,0,0,0,0,0.0,0.0,0.61,5,0,92,3,0,0,0.0,0.0,0.0,0.0,0.0,0.0,0.0
347,25-26-prem-wolverhampton-wanderers-vs-leeds-united,90,0,0,0,0.0,0.12,0,1,0,3,74,44,0.0,0.0,5,0,0.0,3,0.0,0,2,5,0,8,5,1,4,7,1,0.0,3,0.0,0,0,0,0,0.0,0.0,0,0,0,,0,0,0,0,0.0,0.0,0.0,0,0,92,1,0,0,0.0,0.0,0.0,0.0,0.0,0.0,0.0
493,25-26-prem-wolverhampton-wanderers-vs-leeds-united,83,0,0,1,0.07,0.0,1,0,0,0,43,23,0.0,0.0,2,0,0.0,0,0.0,0,0,3,1,1,0,1,8,4,7,0.0,1,0.0,1,1,0,0,0.0,0.0,0,0,0,,0,0,0,0,0.0,0.0,0.14,6,0,83,1,0,0,0.0,0.0,0.0,0.0,0.0,0.0,0.0
645,25-26-prem-wolverhampton-wanderers-vs-leeds-united,45,0,1,0,0.0,0.4,0,1,0,1,37,18,0.0,2.0,4,1,0.0,0,0.0,0,0,2,0,0,0,0,2,5,2,0.0,0,0.0,0,1,0,0,0.0,0.0,0,0,0,,0,0,0,0,0.0,0.0,0.0,1,0,46,3,0,0,0.0,0.0,0.0,0.0,0.0,0.0,0.0
343,25-26-prem-wolverhampton-wanderers-vs-leeds-united,90,0,0,0,0.0,0.0,0,0,0,0,82,63,0.0,0.0,4,0,0.0,1,0.0,0,0,2,2,9,4,0,2,6,1,0.0,1,0.0,0,1,0,0,0.0,0.0,0,0,0,,0,0,0,0,0.0,0.0,0.0,1,0,92,1,0,0,0.0,0.0,0.0,0.0,0.0,0.0,0.0
348,25-26-prem-wolverhampton-wanderers-vs-leeds-united,90,0,0,0,0.0,0.01,0,0,0,0,63,51,0.0,0.0,2,0,0.0,1,0.0,0,0,2,0,8,5,0,5,6,1,0.0,4,0.0,0,0,0,0,0.0,0.0,0,0,0,,0,0,0,0,0.0,0.0,0.0,1,0,92,1,0,0,0.0,0.0,0.0,0.0,0.0,0.0,0.0
350,25-26-prem-wolverhampton-wanderers-vs-leeds-united,89,0,0,1,0.05,0.19,0,0,0,0,44,22,0.0,0.0,2,0,0.0,0,0.0,0,0,7,0,2,0,3,3,7,3,0.0,0,0.0,2,0,0,0,0.0,0.0,0,0,0,,0,0,0,0,0.0,0.0,0.0,1,0,92,1,0,0,0.0,0.0,0.0,0.0,0.0,0.0,0.0
720,25-26-prem-wolverhampton-wanderers-vs-leeds-united,90,0,0,3,0.25,0.04,1,0,0,6,22,5,0.0,1.0,2,0,0.0,0,0.0,0,0,2,0,1,1,0,7,6,0,0.0,7,0.0,0,0,0,0,0.0,0.0,0,0,0,,0,0,0,0,0.0,0.0,0.56,0,0,92,3,0,0,0.0,0.0,0.0,0.0,0.0,0.0,0.0
633,25-26-prem-wolverhampton-wanderers-vs-leeds-united,45,0,0,0,0.0,0.27,0,1,0,0,49,18,0.0,3.0,3,5,0.0,1,0.0,0,0,3,0,0,0,0,1,3,1,0.0,0,0.0,0,0,0,0,0.0,0.0,0,0,0,,0,0,0,0,0.0,0.0,0.0,0,46,92,0,0,0,0.0,0.0,0.0,0.0,0.0,0.0,0.0
646,25-26-prem-wolverhampton-wanderers-vs-leeds-united,90,0,0,2,0.15,0.11,0,0,0,3,78,49,0.0,0.0,9,2,0.0,2,0.0,0,1,6,0,3,1,3,5,7,4,0.0,1,0.0,0,1,0,0,0.0,0.0,0,0,0,,0,0,0,0,0.0,0.0,0.0,4,0,92,3,0,0,0.0,0.0,0.0,0.0,0.0,0.0,0.0
643,25-26-prem-wolverhampton-wanderers-vs-leeds-united,18,0,0,1,0.01,0.02,0,0,0,0,35,31,0.0,0.0,9,0,0.0,0,0.0,0,1,1,0,0,0,0,0,0,0,0.0,0,0.0,0,0,0,0,0.0,0.0,0,0,0,,0,0,0,0,0.0,0.0,0.0,0,72,92,0,0,0,0.0,0.0,0.0,0.0,0.0,0.0,0.0
342,25-26-prem-wolverhampton-wanderers-vs-leeds-united,83,0,0,0,0.0,0.0,0,0,0,0,46,21,0.0,0.0,1,0,0.0,0,0.0,0,1,5,0,4,2,2,4,12,3,0.0,1,0.0,0,2,0,0,0.0,0.0,0,0,0,,0,0,0,0,0.0,0.0,0.0,3,0,83,1,0,0,0.0,0.0,0.0,0.0,0.0,0.0,0.0
635,25-26-prem-wolverhampton-wanderers-vs-leeds-united,45,0,0,1,0.02,0.13,0,0,0,2,21,9,0.0,1.0,0,1,0.0,0,0.0,0,0,0,0,1,1,0,4,1,3,0.0,1,0.0,1,0,0,0,0.0,0.0,0,0,0,,0,0,0,0,0.0,0.0,0.0,2,0,46,3,0,0,0.0,0.0,0.0,0.0,0.0,0.0,0.0
648,25-26-prem-wolverhampton-wanderers-vs-leeds-united,45,0,0,2,0.29,0.0,1,1,2,8,18,6,0.0,0.0,1,0,0.0,1,0.0,0,0,1,0,0,0,0,4,3,2,0.0,2,0.0,0,0,0,0,0.0,0.0,0,0,0,,0,0,0,0,0.0,0.0,0.05,1,46,92,0,0,0,0.0,0.0,0.0,0.0,0.0,0.0,0.0
663,25-26-prem-wolverhampton-wanderers-vs-leeds-united,18,0,0,0,0.0,0.06,0,0,0,4,16,10,0.0,2.0,1,1,0.0,0,0.0,0,0,0,0,0,0,0,2,2,0,0.0,2,0.0,0,0,0,0,0.0,0.0,0,0,0,,0,0,0,0,0.0,0.0,0.0,0,72,92,0,0,0,0.0,0.0,0.0,0.0,0.0,0.0,0.0
637,25-26-prem-wolverhampton-wanderers-vs-leeds-united,72,0,0,0,0.0,0.01,0,2,0,0,62,49,0.0,0.0,4,0,0.0,5,0.0,0,0,2,0,2,1,0,5,0,4,0.0,1,0.0,2,0,0,0,0.0,0.0,0,0,0,,0,0,0,0,0.0,0.0,0.0,0,0,72,3,0,0,0.0,0.0,0.0,0.0,0.0,0.0,0.0
644,25-26-prem-wolverhampton-wanderers-vs-leeds-united,45,0,0,0,0.0,0.05,0,2,0,1,20,9,0.0,1.0,1,0,0.0,0,0.0,0,0,2,0,0,0,0,2,6,2,0.0,0,0.0,0,0,0,0,0.0,0.0,0,0,0,,0,0,0,0,0.0,0.0,0.0,0,0,46,3,0,0,0.0,0.0,0.0,0.0,0.0,0.0,0.0
654,25-26-prem-wolverhampton-wanderers-vs-leeds-united,45,0,0,1,0.05,0.12,0,0,0,4,8,1,0.0,0.0,0,0,0.0,0,0.0,0,0,0,0,0,0,0,6,3,1,0.0,5,0.0,1,1,0,0,0.0,0.0,0,0,0,,0,0,0,0,0.0,0.0,0.0,0,46,92,0,0,0,0.0,0.0,0.0,0.0,0.0,0.0,0.0
352,25-26-prem-wolverhampton-wanderers-vs-leeds-united,20,0,0,0,0.0,0.0,0,0,0,0,11,7,0.0,0.0,1,0,0.0,0,0.0,0,0,3,0,0,0,0,0,2,0,0.0,0,0.0,0,0,0,0,0.0,0.0,0,0,0,,0,0,0,0,0.0,0.0,0.0,0,70,92,0,0,0,0.0,0.0,0.0,0.0,0.0,0.0,0.0
634,25-26-prem-wolverhampton-wanderers-vs-leeds-united,72,0,0,2,0.06,0.0,1,0,0,2,56,42,0.0,0.0,0,0,0.0,0,0.0,0,0,5,0,1,1,0,7,4,6,0.0,1,0.0,4,2,0,0,0.0,0.0,0,0,0,,0,0,0,0,0.0,0.0,0.16,2,0,72,3,0,0,0.0,0.0,0.0,0.0,0.0,0.0,0.0
628,25-26-prem-wolverhampton-wanderers-vs-leeds-united,90,0,0,0,0.0,0.0,0,0,0,0,33,21,0.0,0.0,9,0,0.0,6,0.0,0,0,8,0,0,0,0,0,0,0,0.0,0,0.0,0,0,1,3,1.54,-1.46,0,21,6,,0,0,0,0,0.0,0.0,0.0,0,0,92,3,0,0,0.0,0.0,0.0,0.0,0.0,0.0,0.0
706,25-26-prem-wolverhampton-wanderers-vs-leeds-united,7,0,0,0,0.0,0.0,0,0,0,0,3,0,0.0,0.0,0,0,0.0,0,0.0,0,0,0,0,2,2,0,0,0,0,0.0,0,0.0,0,0,0,0,0.0,0.0,0,0,0,,0,0,0,0,0.0,0.0,0.0,0,83,92,0,0,0,0.0,0.0,0.0,0.0,0.0,0.0,0.0
365,25-26-prem-wolverhampton-wanderers-vs-leeds-united,1,0,0,0,0.0,0.0,0,0,0,0,1,0,0.0,0.0,0,0,0.0,0,0.0,0,0,0,0,1,0,0,0,0,0,0.0,0,0.0,0,0,0,0,0.0,0.0,0,0,0,,0,0,0,0,0.0,0.0,0.0,0,92,92,0,0,0,0.0,0.0,0.0,0.0,0.0,0.0,0.0
358,25-26-prem-wolverhampton-wanderers-vs-leeds-united,7,0,0,0,0.0,0.0,0,0,0,0,4,0,0.0,0.0,1,0,0.0,0,0.0,0,2,0,0,0,0,0,0,0,0,0.0,0,0.0,0,0,0,0,0.0,0.0,0,0,0,,0,0,0,0,0.0,0.0,0.0,0,83,92,0,0,0,0.0,0.0,0.0,0.0,0.0,0.0,0.0
356,25-26-prem-wolverhampton-wanderers-vs-leeds-united,1,0,0,0,0.0,0.0,0,0,0,0,1,1,0.0,0.0,0,0,0.0,0,0.0,0,0,0,0,0,0,0,0,0,0,0.0,0,0.0,0,0,0,0,0.0,0.0,0,0,0,,0,0,0,0,0.0,0.0,0.0,0,92,92,0,0,0,0.0,0.0,0.0,0.0,0.0,0.0,0.0
12,25-26-prem-burnley-vs-nottingham-forest,90,0,0,3,0.04,0.07,1,0,0,2,128,87,0.0,1.0,11,0,0.0,2,0.0,0,0,6,1,5,4,3,5,7,3,0.0,2,0.0,1,1,0,0,0.0,0.0,0,0,0,,0,0,0,0,0.0,0.0,0.03,3,0,92,1,0,0,0.0,0.0,0.0,0.0,0.0,0.0,0.0
551,25-26-prem-sunderland-vs-aston-villa,37,0,0,1,0.05,0.03,0,1,0,1,14,9,0.0,1.0,1,0,0.0,1,0.0,0,0,0,0,0,0,0,2,1,2,0.0,0,0.0,0,1,0,0,0.0,0.0,0,0,0,,0,0,0,0,0.0,0.0,0.0,1,0,37,0,0,0,0.0,0.0,0.0,0.0,0.0,0.0,0.0
508,25-26-prem-burnley-vs-nottingham-forest,90,1,0,3,0.15,0.01,2,1,0,3,89,52,0.0,0.0,7,1,0.0,0,0.0,0,3,4,0,2,0,2,6,4,4,0.0,2,0.0,2,1,0,0,0.0,0.0,0,0,0,,0,0,0,0,0.0,0.0,0.84,2,0,92,1,0,0,0.0,0.0,0.0,0.0,0.0,0.0,0.0
200,25-26-prem-burnley-vs-nottingham-forest,90,1,0,3,0.36,0.14,3,4,0,9,59,20,0.0,1.0,4,1,0.0,0,0.0,0,1,3,0,1,1,1,5,4,5,0.0,0,0.0,0,0,0,0,0.0,0.0,0,0,0,,0,0,0,0,0.0,0.0,0.77,1,0,92,1,0,0,0.0,0.0,0.0,0.0,0.0,0.0,0.0
505,25-26-prem-burnley-vs-nottingham-forest,90,0,0,0,0.0,0.11,0,0,0,0,74,63,0.0,1.0,10,0,0.0,4,0.0,0,1,2,0,7,1,1,2,3,0,0.0,2,0.0,0,0,0,0,0.0,0.0,0,0,0,,0,0,0,0,0.0,0.0,0.0,0,0,92,1,0,0,0.0,0.0,0.0,0.0,0.0,0.0,0.0
511,25-26-prem-burnley-vs-nottingham-forest,90,0,0,0,0.0,0.01,0,1,0,0,85,64,0.0,0.0,5,0,0.0,2,0.0,0,0,5,0,4,0,1,5,6,4,0.0,1,0.0,0,3,0,0,0.0,0.0,0,0,0,,0,0,0,0,0.0,0.0,0.0,3,0,92,1,0,0,0.0,0.0,0.0,0.0,0.0,0.0,0.0
502,25-26-prem-burnley-vs-nottingham-forest,90,0,0,0,0.0,0.0,0,0,0,0,34,19,0.0,0.0,2,0,0.0,6,0.0,0,0,3,0,2,0,0,0,0,0,0.0,0,0.0,0,0,4,1,0.98,-0.02,0,19,6,,1,0,0,0,0.0,0.0,0.0,0,0,92,1,0,0,0.0,0.0,0.0,0.0,0.0,0.0,0.0
515,25-26-prem-burnley-vs-nottingham-forest,90,0,0,2,0.08,0.05,1,0,0,4,56,36,0.0,2.0,8,0,0.0,3,0.0,0,0,3,0,3,3,0,3,3,1,0.0,2,0.0,1,2,0,0,0.0,0.0,0,0,0,,0,0,0,0,0.0,0.0,0.15,0,0,92,1,0,0,0.0,0.0,0.0,0.0,0.0,0.0,0.0
366,25-26-prem-liverpool-vs-everton,90,0,0,0,0.0,0.0,0,0,0,0,52,33,0.0,0.0,1,0,0.0,5,0.0,0,0,10,0,3,0,0,2,0,0,0.0,2,0.0,1,0,1,1,0.57,-0.43,2,33,5,,0,0,0,0,0.0,0.0,0.0,0,0,94,1,0,0,0.0,0.0,0.0,0.0,0.0,0.0,0.0
324,25-26-prem-fulham-vs-brentford,80,1,1,2,0.18,0.19,1,2,0,1,53,37,0.0,2.0,6,2,0.0,0,0.0,0,0,5,0,0,0,1,2,4,2,0.0,0,0.0,0,0,0,0,0.0,0.0,0,0,0,,0,0,0,0,0.0,0.0,0.22,0,0,80,1,0,0,0.0,0.0,0.0,0.0,0.0,0.0,0.0
329,25-26-prem-fulham-vs-brentford,86,1,0,2,0.22,0.09,1,0,0,5,44,24,0.0,3.0,2,1,0.0,2,0.0,0,0,3,0,1,0,0,4,2,4,0.0,0,0.0,1,2,0,0,0.0,0.0,0,0,0,,0,0,0,0,0.0,0.0,0.58,3,0,86,1,0,0,0.0,0.0,0.0,0.0,0.0,0.0,0.0
338,25-26-prem-fulham-vs-brentford,80,0,1,2,0.12,0.01,0,2,1,7,33,5,0.0,2.0,3,0,0.0,0,0.0,0,0,1,0,4,4,0,8,6,3,0.0,5,0.0,0,3,0,0,0.0,0.0,0,0,0,,0,0,0,0,0.0,0.0,0.0,1,0,80,1,0,0,0.0,0.0,0.0,0.0,0.0,0.0,0.0
317,25-26-prem-fulham-vs-brentford,90,0,0,1,0.24,0.02,0,0,0,3,88,59,0.0,0.0,9,0,0.0,9,0.0,0,2,3,0,11,9,0,4,1,3,0.0,1,0.0,1,0,0,0,0.0,0.0,0,0,0,,0,0,0,0,0.0,0.0,0.0,2,0,93,1,0,0,0.0,0.0,0.0,0.0,0.0,0.0,0.0
322,25-26-prem-fulham-vs-brentford,90,0,0,0,0.0,0.02,0,0,0,0,82,51,0.0,1.0,2,0,0.0,0,0.0,0,0,4,0,4,3,0,5,3,3,0.0,2,0.0,0,0,0,0,0.0,0.0,0,0,0,,0,0,0,0,0.0,0.0,0.0,3,0,93,1,0,0,0.0,0.0,0.0,0.0,0.0,0.0,0.0
318,25-26-prem-fulham-vs-brentford,90,0,0,1,0.01,0.0,0,0,0,0,72,51,0.0,0.0,2,0,0.0,3,0.0,0,2,4,2,5,4,0,3,1,2,0.0,1,0.0,1,0,0,0,0.0,0.0,0,0,0,,0,0,0,0,0.0,0.0,0.0,1,0,93,1,0,0,0.0,0.0,0.0,0.0,0.0,0.0,0.0
328,25-26-prem-fulham-vs-brentford,90,0,0,1,0.06,0.01,1,0,0,6,58,27,0.0,0.0,3,1,0.0,1,0.0,0,0,1,1,4,0,0,5,3,4,0.0,1,0.0,0,1,0,0,0.0,0.0,0,0,0,,0,0,0,0,0.0,0.0,0.03,4,0,93,1,0,0,0.0,0.0,0.0,0.0,0.0,0.0,0.0
314,25-26-prem-fulham-vs-brentford,90,0,0,0,0.0,0.0,0,0,0,0,45,22,0.0,0.0,3,0,0.0,4,0.0,0,0,6,0,1,0,0,3,0,1,0.0,2,0.0,2,0,2,1,0.88,-0.12,0,22,4,,1,0,0,0,0.0,0.0,0.0,0,0,93,1,0,0,0.0,0.0,0.0,0.0,0.0,0.0,0.0
330,25-26-prem-fulham-vs-brentford,90,0,0,0,0.0,0.01,0,0,0,1,49,32,0.0,1.0,3,0,0.0,1,0.0,0,0,5,0,4,2,0,1,1,1,0.0,0,0.0,0,0,0,0,0.0,0.0,0,0,0,,0,0,0,0,0.0,0.0,0.0,1,0,93,1,0,0,0.0,0.0,0.0,0.0,0.0,0.0,0.0
332,25-26-prem-fulham-vs-brentford,86,0,0,3,0.09,0.25,0,0,0,2,60,38,0.0,2.0,5,1,0.0,0,0.0,0,1,2,0,1,1,0,5,5,3,0.0,2,0.0,2,3,0,0,0.0,0.0,0,0,0,,0,0,0,0,0.0,0.0,0.0,1,0,86,1,0,0,0.0,0.0,0.0,0.0,0.0,0.0,0.0
121,25-26-prem-fulham-vs-brentford,87,1,0,2,0.19,0.12,1,0,0,3,64,27,0.0,0.0,2,2,0.0,1,0.0,0,0,1,0,0,0,3,5,8,5,0.0,0,0.0,2,0,0,0,0.0,0.0,0,0,0,,0,0,0,0,0.0,0.0,0.29,3,0,87,3,0,0,0.0,0.0,0.0,0.0,0.0,0.0,0.0
731,25-26-prem-fulham-vs-brentford,23,0,0,0,0.0,0.0,0,2,0,0,14,4,0.0,0.0,1,0,0.0,1,0.0,0,0,2,0,1,0,1,3,2,3,0.0,0,0.0,1,0,0,0,0.0,0.0,0,0,0,,0,0,0,0,0.0,0.0,0.0,0,67,93,0,0,0,0.0,0.0,0.0,0.0,0.0,0.0,0.0
120,25-26-prem-fulham-vs-brentford,90,0,0,1,0.06,0.2,0,0,0,6,31,7,0.0,1.0,2,0,0.0,0,0.0,0,0,3,0,0,0,0,4,4,3,0.0,1,0.0,1,0,0,0,0.0,0.0,0,0,0,,0,0,0,0,0.0,0.0,0.0,2,0,93,3,0,0,0.0,0.0,0.0,0.0,0.0,0.0,0.0
108,25-26-prem-fulham-vs-brentford,16,0,0,1,0.08,0.0,0,0,0,1,26,19,0.0,0.0,2,0,0.0,0,0.0,0,0,1,0,1,0,0,2,1,1,0.0,1,0.0,0,0,0,0,0.0,0.0,0,0,0,,0,0,0,0,0.0,0.0,0.0,1,74,93,0,0,0,0.0,0.0,0.0,0.0,0.0,0.0,0.0
325,25-26-prem-fulham-vs-brentford,10,0,0,0,0.0,0.0,0,0,0,0,9,5,0.0,0.0,0,0,0.0,0,0.0,0,0,1,0,0,0,0,2,0,2,0.0,0,0.0,1,0,0,0,0.0,0.0,0,0,0,,0,0,0,0,0.0,0.0,0.0,1,80,93,0,0,0,0.0,0.0,0.0,0.0,0.0,0.0,0.0
110,25-26-prem-fulham-vs-brentford,90,0,0,0,0.0,0.07,0,2,0,1,66,27,0.0,2.0,4,0,0.0,0,0.0,0,1,5,0,1,0,0,5,5,5,0.0,0,0.0,1,0,0,0,0.0,0.0,0,0,0,,0,0,0,0,0.0,0.0,0.0,2,0,93,3,0,0,0.0,0.0,0.0,0.0,0.0,0.0,0.0
136,25-26-prem-fulham-vs-brentford,65,0,0,1,0.1,0.01,1,0,0,1,24,14,0.0,0.0,3,0,0.0,0,0.0,0,0,2,0,1,0,0,3,5,1,0.0,2,0.0,0,3,0,0,0.0,0.0,0,0,0,,0,0,0,0,0.0,0.0,0.09,1,0,65,3,0,0,0.0,0.0,0.0,0.0,0.0,0.0,0.0
129,25-26-prem-fulham-vs-brentford,90,0,0,0,0.0,0.01,0,1,0,0,46,34,0.0,1.0,2,0,0.0,2,0.0,0,0,3,1,1,0,3,4,6,3,0.0,1,0.0,0,2,0,0,0.0,0.0,0,0,0,,0,0,0,0,0.0,0.0,0.0,2,0,93,3,0,0,0.0,0.0,0.0,0.0,0.0,0.0,0.0
124,25-26-prem-fulham-vs-brentford,74,0,0,0,0.0,0.01,0,0,0,0,41,27,0.0,0.0,5,0,0.0,2,0.0,0,0,2,0,1,0,0,0,0,0,0.0,0,0.0,0,0,0,0,0.0,0.0,0,0,0,,0,0,0,0,0.0,0.0,0.0,0,0,74,3,0,0,0.0,0.0,0.0,0.0,0.0,0.0,0.0
109,25-26-prem-fulham-vs-brentford,24,0,0,0,0.0,0.0,0,0,0,0,16,6,0.0,0.0,1,0,0.0,0,0.0,0,1,5,0,0,0,0,0,4,0,0.0,0,0.0,0,1,0,0,0.0,0.0,0,0,0,,0,0,0,0,0.0,0.0,0.0,0,66,93,0,0,0,0.0,0.0,0.0,0.0,0.0,0.0,0.0
337,25-26-prem-fulham-vs-brentford,10,0,0,0,0.0,0.0,0,0,0,0,4,2,0.0,0.0,0,0,0.0,0,0.0,0,0,0,0,1,1,0,0,2,0,0.0,0,0.0,0,1,0,0,0.0,0.0,0,0,0,,0,0,0,0,0.0,0.0,0.0,0,80,93,0,0,0,0.0,0.0,0.0,0.0,0.0,0.0,0.0
125,25-26-prem-fulham-vs-brentford,16,0,0,0,0.0,0.0,0,0,0,0,9,6,0.0,0.0,3,0,0.0,1,0.0,0,0,0,0,0,0,0,0,1,0,0.0,0,0.0,0,1,0,0,0.0,0.0,0,0,0,,0,0,0,0,0.0,0.0,0.0,0,74,93,0,0,0,0.0,0.0,0.0,0.0,0.0,0.0,0.0
335,25-26-prem-fulham-vs-brentford,67,0,0,2,0.09,0.02,0,1,0,2,31,13,0.0,0.0,0,0,0.0,1,0.0,0,0,5,0,0,0,0,5,3,5,0.0,0,0.0,3,1,0,0,0.0,0.0,0,0,0,,0,0,0,0,0.0,0.0,0.0,1,0,67,1,0,0,0.0,0.0,0.0,0.0,0.0,0.0,0.0
106,25-26-prem-fulham-vs-brentford,90,0,0,1,0.09,0.01,1,0,0,1,62,43,0.0,0.0,2,0,0.0,4,0.0,0,1,1,2,4,1,0,4,4,4,0.0,0,0.0,3,3,0,0,0.0,0.0,0,0,0,,0,0,0,0,0.0,0.0,0.51,1,0,93,3,0,0,0.0,0.0,0.0,0.0,0.0,0.0,0.0
83,25-26-prem-fulham-vs-brentford,25,0,0,2,0.12,0.01,0,0,0,3,10,1,0.0,0.0,0,0,0.0,0,0.0,0,0,0,0,0,0,0,0,5,0,0.0,0,0.0,0,1,0,0,0.0,0.0,0,0,0,,0,0,0,0,0.0,0.0,0.0,0,65,93,0,0,0,0.0,0.0,0.0,0.0,0.0,0.0,0.0
113,25-26-prem-fulham-vs-brentford,90,0,0,0,0.0,0.0,0,0,0,0,53,36,0.0,0.0,3,0,0.0,2,0.0,0,2,3,0,4,2,0,1,3,0,0.0,1,0.0,0,1,0,0,0.0,0.0,0,0,0,,0,0,0,0,0.0,0.0,0.0,0,0,93,3,0,0,0.0,0.0,0.0,0.0,0.0,0.0,0.0
107,25-26-prem-fulham-vs-brentford,66,0,0,0,0.0,0.01,0,0,0,1,26,12,0.0,0.0,3,1,0.0,1,0.0,0,0,3,0,0,0,0,2,1,2,0.0,0,0.0,2,1,0,0,0.0,0.0,0,0,0,,0,0,0,0,0.0,0.0,0.0,0,0,66,3,0,0,0.0,0.0,0.0,0.0,0.0,0.0,0.0
101,25-26-prem-fulham-vs-brentford,90,0,0,0,0.0,0.0,0,0,0,0,47,30,0.0,0.0,6,0,0.0,4,0.0,0,0,7,0,1,0,0,0,0,0,0.0,0,0.0,0,0,2,3,0.83,-1.17,0,30,4,,0,0,0,0,0.0,0.0,0.0,0,0,93,3,0,0,0.0,0.0,0.0,0.0,0.0,0.0,0.0
111,25-26-prem-fulham-vs-brentford,74,0,0,0,0.0,0.0,0,0,0,1,51,27,0.0,0.0,5,0,0.0,1,0.0,0,0,3,2,4,2,1,4,5,1,0.0,3,0.0,1,0,0,0,0.0,0.0,0,0,0,,0,0,0,0,0.0,0.0,0.0,1,0,74,3,0,0,0.0,0.0,0.0,0.0,0.0,0.0,0.0
331,25-26-prem-fulham-vs-brentford,4,0,0,0,0.0,0.0,0,0,0,0,5,4,0.0,0.0,0,0,0.0,0,0.0,0,0,1,0,0,0,1,1,1,1,0.0,0,0.0,1,0,0,0,0.0,0.0,0,0,0,,0,0,0,0,0.0,0.0,0.0,0,86,93,0,0,0,0.0,0.0,0.0,0.0,0.0,0.0,0.0
321,25-26-prem-fulham-vs-brentford,4,0,0,0,0.0,0.0,0,0,0,0,6,1,0.0,0.0,1,0,0.0,0,0.0,0,2,0,0,1,0,0,1,0,1,0.0,0,0.0,0,0,0,0,0.0,0.0,0,0,0,,0,0,0,0,0.0,0.0,0.0,1,86,93,0,0,0,0.0,0.0,0.0,0.0,0.0,0.0,0.0
123,25-26-prem-fulham-vs-brentford,3,0,0,0,0.0,0.0,0,0,0,0,4,3,0.0,0.0,0,0,0.0,0,0.0,0,0,1,0,0,0,0,0,0,0,0.0,0,0.0,0,0,0,0,0.0,0.0,0,0,0,,0,0,0,0,0.0,0.0,0.0,0,87,93,0,0,0,0.0,0.0,0.0,0.0,0.0,0.0,0.0
449,25-26-prem-manchester-united-vs-chelsea,87,1,0,3,0.71,0.08,2,0,0,3,57,29,0.0,1.0,5,0,0.0,1,0.0,0,0,6,0,0,0,1,4,7,3,0.0,1,0.0,1,1,0,0,0.0,0.0,0,0,0,,0,0,0,0,0.0,0.0,1.06,2,0,87,1,0,0,0.0,0.0,0.0,0.0,0.0,0.0,0.0
441,25-26-prem-manchester-united-vs-chelsea,90,0,1,0,0.0,0.39,0,0,0,4,64,26,0.0,2.0,2,1,0.0,0,0.0,0,1,4,0,2,2,1,7,9,6,0.0,1,0.0,2,0,0,0,0.0,0.0,0,0,0,,0,0,0,1,0.0,0.0,0.0,4,0,96,1,0,0,0.0,0.0,0.0,0.0,0.0,0.0,0.0
226,25-26-prem-manchester-united-vs-chelsea,90,1,0,1,0.2,0.01,1,0,0,1,87,67,0.0,0.0,6,0,0.0,6,0.0,0,0,2,0,8,7,0,5,3,1,0.0,4,0.0,0,1,0,0,0.0,0.0,0,0,0,,0,0,0,0,0.0,0.0,0.59,1,0,96,2,0,0,0.0,0.0,0.0,0.0,0.0,0.0,0.0
442,25-26-prem-manchester-united-vs-chelsea,70,0,1,1,0.11,0.01,0,0,0,2,49,34,0.0,1.0,6,0,0.0,1,0.0,0,1,2,0,1,0,0,2,3,1,0.0,1,0.0,0,2,0,0,0.0,0.0,0,0,0,,0,0,0,0,0.0,0.0,0.0,1,0,70,0,0,0,0.0,0.0,0.0,0.0,0.0,0.0,0.0
436,25-26-prem-manchester-united-vs-chelsea,90,0,0,0,0.0,0.23,0,1,0,1,69,43,0.0,1.0,8,2,0.0,2,0.0,0,2,4,1,4,2,2,5,5,3,0.0,2,0.0,1,2,0,0,0.0,0.0,0,0,0,,0,0,0,0,0.0,0.0,0.0,2,0,96,1,0,0,0.0,0.0,0.0,0.0,0.0,0.0,0.0
438,25-26-prem-manchester-united-vs-chelsea,65,0,0,0,0.0,0.07,0,0,0,0,58,26,0.0,0.0,12,2,0.0,1,0.0,0,0,6,0,1,0,0,7,0,6,0.0,1,0.0,2,0,0,0,0.0,0.0,0,0,0,,0,0,0,0,0.0,0.0,0.0,4,0,65,0,0,0,0.0,0.0,0.0,0.0,0.0,0.0,0.0
241,25-26-prem-manchester-united-vs-chelsea,90,0,0,1,0.03,0.02,0,1,0,0,85,58,0.0,1.0,8,0,0.0,2,0.0,0,3,7,0,0,0,1,8,6,8,0.0,0,0.0,2,1,0,0,0.0,0.0,0,0,0,,0,0,0,0,0.0,0.0,0.0,5,0,96,2,0,0,0.0,0.0,0.0,0.0,0.0,0.0,0.0
443,25-26-prem-manchester-united-vs-chelsea,90,0,0,1,0.18,0.01,0,0,0,1,54,33,0.0,0.0,2,0,0.0,1,0.0,0,2,6,0,3,0,0,3,2,3,0.0,0,0.0,0,2,0,0,0.0,0.0,0,0,0,,0,0,0,0,0.0,0.0,0.0,3,0,96,1,0,0,0.0,0.0,0.0,0.0,0.0,0.0,0.0
452,25-26-prem-manchester-united-vs-chelsea,90,0,0,2,0.31,0.05,0,0,0,4,51,25,0.0,0.0,3,1,0.0,1,0.0,0,1,6,0,2,1,1,4,5,4,0.0,0,0.0,2,0,0,0,0.0,0.0,0,0,0,,0,0,0,2,0.0,0.0,0.0,2,0,96,1,0,0,0.0,0.0,0.0,0.0,0.0,0.0,0.0
225,25-26-prem-manchester-united-vs-chelsea,90,0,1,0,0.0,0.16,0,1,0,3,82,38,0.0,2.0,2,2,0.0,2,0.0,0,2,4,0,4,1,0,7,5,4,0.0,3,0.0,0,2,0,0,0.0,0.0,0,0,0,,0,0,0,0,0.0,0.0,0.0,3,0,96,2,0,0,0.0,0.0,0.0,0.0,0.0,0.0,0.0
419,25-26-prem-liverpool-vs-everton,90,0,0,1,0.01,0.1,0,0,0,6,54,19,0.0,3.0,3,2,0.0,1,0.0,0,1,3,1,1,0,2,9,5,8,0.0,1,0.0,6,0,0,0,0.0,0.0,0,0,0,,0,0,0,0,0.0,0.0,0.0,2,0,94,2,0,0,0.0,0.0,0.0,0.0,0.0,0.0,0.0
246,25-26-prem-manchester-united-vs-chelsea,69,0,0,1,0.1,0.02,0,1,0,3,72,51,0.0,0.0,9,0,0.0,1,0.0,0,0,7,0,1,0,1,6,3,5,0.0,1,0.0,3,0,0,0,0.0,0.0,0,0,0,,0,0,0,0,0.0,0.0,0.0,1,21,96,1,0,0,0.0,0.0,0.0,0.0,0.0,0.0,0.0
232,25-26-prem-manchester-united-vs-chelsea,83,0,0,1,0.05,0.01,0,0,0,2,94,68,0.0,0.0,7,0,0.0,2,0.0,0,1,6,1,6,5,0,3,2,0,0.0,3,0.0,0,1,0,0,0.0,0.0,0,0,0,,0,0,0,0,0.0,0.0,0.0,0,7,96,2,0,0,0.0,0.0,0.0,0.0,0.0,0.0,0.0
459,25-26-prem-manchester-united-vs-chelsea,45,0,0,0,0.0,0.0,0,0,0,0,21,12,0.0,0.0,0,0,0.0,0,0.0,0,0,1,1,2,1,1,5,5,4,0.0,1,0.0,1,3,0,0,0.0,0.0,0,0,0,,0,0,0,0,0.0,0.0,0.0,3,46,96,1,0,0,0.0,0.0,0.0,0.0,0.0,0.0,0.0
450,25-26-prem-manchester-united-vs-chelsea,25,0,0,0,0.0,0.03,0,1,0,1,16,5,0.0,0.0,0,1,0.0,0,0.0,0,1,3,0,0,0,0,4,2,2,0.0,2,0.0,1,0,0,0,0.0,0.0,0,0,0,,0,0,0,0,0.0,0.0,0.0,0,65,96,1,0,0,0.0,0.0,0.0,0.0,0.0,0.0,0.0
431,25-26-prem-manchester-united-vs-chelsea,90,0,0,0,0.0,0.0,0,0,0,0,28,9,0.0,0.0,5,0,0.0,3,0.0,0,0,2,0,3,0,0,1,0,1,0.0,0,0.0,1,0,0,1,0.59,-0.41,1,9,3,,0,0,0,0,0.0,0.0,0.0,0,0,96,1,0,0,0.0,0.0,0.0,0.0,0.0,0.0,0.0
457,25-26-prem-manchester-united-vs-chelsea,45,1,0,1,0.29,0.01,1,0,0,2,27,21,0.0,1.0,3,0,0.0,2,0.0,0,0,3,0,0,0,0,0,3,0,0.0,0,0.0,0,2,0,0,0.0,0.0,0,0,0,,0,0,0,0,0.0,0.0,0.55,0,0,96,1,0,0,0.0,0.0,0.0,0.0,0.0,0.0,0.0
119,25-26-prem-manchester-united-vs-chelsea,69,0,0,3,0.14,0.08,1,1,0,2,41,16,0.0,0.0,2,1,0.0,0,0.0,0,1,1,0,0,0,0,3,6,3,0.0,0,0.0,2,0,0,0,0.0,0.0,0,0,0,,0,0,0,0,0.0,0.0,0.19,0,0,69,0,0,0,0.0,0.0,0.0,0.0,0.0,0.0,0.0
249,25-26-prem-manchester-united-vs-chelsea,90,0,0,0,0.0,0.03,0,3,0,4,52,25,0.0,1.0,1,0,0.0,1,0.0,0,0,1,0,1,0,0,8,10,7,0.0,1,0.0,3,1,0,0,0.0,0.0,0,0,0,,0,0,0,0,0.0,0.0,0.0,1,0,96,2,0,0,0.0,0.0,0.0,0.0,0.0,0.0,0.0
681,25-26-prem-manchester-united-vs-chelsea,45,0,0,0,0.0,0.01,0,0,0,1,8,3,0.0,0.0,1,0,0.0,0,0.0,0,0,0,0,1,1,0,2,1,0,0.0,2,0.0,0,1,0,0,0.0,0.0,0,0,0,,0,0,0,0,0.0,0.0,0.0,0,0,46,0,0,0,0.0,0.0,0.0,0.0,0.0,0.0,0.0
228,25-26-prem-manchester-united-vs-chelsea,26,0,0,0,0.0,0.01,0,0,0,2,31,16,0.0,0.0,1,0,0.0,1,0.0,0,0,4,0,0,0,1,1,1,0,0.0,1,0.0,0,0,0,0,0.0,0.0,0,0,0,,0,0,0,0,0.0,0.0,0.0,0,64,96,0,0,0,0.0,0.0,0.0,0.0,0.0,0.0,0.0
444,25-26-prem-manchester-united-vs-chelsea,20,0,0,0,0.0,0.0,0,0,0,0,8,3,0.0,0.0,0,0,0.0,1,0.0,0,0,2,0,0,0,0,1,1,0,0.0,1,0.0,0,0,0,0,0.0,0.0,0,0,0,,0,0,0,0,0.0,0.0,0.0,0,70,96,1,0,0,0.0,0.0,0.0,0.0,0.0,0.0,0.0
230,25-26-prem-manchester-united-vs-chelsea,64,0,0,0,0.0,0.0,0,0,0,0,51,32,0.0,0.0,2,0,0.0,1,0.0,0,0,1,1,6,1,0,4,2,3,0.0,1,0.0,1,0,0,0,0.0,0.0,0,0,0,,0,0,0,1,0.0,0.0,0.0,2,0,64,2,0,0,0.0,0.0,0.0,0.0,0.0,0.0,0.0
455,25-26-prem-manchester-united-vs-chelsea,21,0,0,0,0.0,0.0,0,0,0,0,9,5,0.0,0.0,0,0,0.0,0,0.0,0,0,1,0,0,0,0,0,0,0,0.0,0,0.0,0,0,0,0,0.0,0.0,0,0,0,,0,0,0,0,0.0,0.0,0.0,0,69,96,1,0,0,0.0,0.0,0.0,0.0,0.0,0.0,0.0
237,25-26-prem-manchester-united-vs-chelsea,90,0,0,0,0.0,0.04,0,0,0,2,72,53,0.0,0.0,12,0,0.0,0,0.0,0,0,2,1,0,0,0,5,3,4,0.0,1,0.0,3,1,0,0,0.0,0.0,0,0,0,,0,0,0,0,0.0,0.0,0.0,1,0,96,2,0,0,0.0,0.0,0.0,0.0,0.0,0.0,0.0
221,25-26-prem-manchester-united-vs-chelsea,84,0,0,0,0.0,0.0,0,0,0,0,38,26,0.0,0.0,3,0,0.0,5,0.0,0,1,5,0,1,0,0,1,0,0,0.0,1,0.0,0,0,1,2,1.6,-0.4,1,26,5,,0,0,0,0,0.0,0.0,0.0,0,6,96,2,0,0,0.0,0.0,0.0,0.0,0.0,0.0,0.0
235,25-26-prem-manchester-united-vs-chelsea,21,0,0,0,0.0,0.0,0,0,0,0,2,2,0.0,0.0,0,0,0.0,0,0.0,0,0,0,0,0,0,0,0,0,0,0.0,0,0.0,0,0,0,0,0.0,0.0,0,0,0,,0,0,0,0,0.0,0.0,0.0,0,0,21,1,0,0,0.0,0.0,0.0,0.0,0.0,0.0,0.0
224,25-26-prem-manchester-united-vs-chelsea,64,0,0,1,0.02,0.0,0,0,0,1,42,20,0.0,0.0,0,0,0.0,0,0.0,0,0,2,0,3,2,0,2,5,2,0.0,0,0.0,1,3,0,0,0.0,0.0,0,0,0,,0,0,0,0,0.0,0.0,0.0,1,0,64,2,0,0,0.0,0.0,0.0,0.0,0.0,0.0,0.0
243,25-26-prem-manchester-united-vs-chelsea,26,0,0,0,0.0,0.01,0,0,0,0,10,5,0.0,0.0,2,0,0.0,0,0.0,0,0,0,0,0,0,0,0,6,0,0.0,0,0.0,0,3,0,0,0.0,0.0,0,0,0,,0,0,0,1,0.0,0.0,0.0,0,64,96,0,0,0,0.0,0.0,0.0,0.0,0.0,0.0,0.0
220,25-26-prem-manchester-united-vs-chelsea,5,0,0,0,0.0,0.0,0,0,0,0,3,0,0.0,0.0,1,0,0.0,0,0.0,0,0,0,0,0,0,0,0,1,0,0.0,0,0.0,0,1,1,0,0.19,0.19,0,0,0,,0,0,0,0,0.0,0.0,0.0,0,0,96,2,0,0,0.0,0.0,0.0,0.0,0.0,0.0,0.0
236,25-26-prem-manchester-united-vs-chelsea,7,0,0,0,0.0,0.0,0,0,0,0,2,0,0.0,0.0,0,0,0.0,0,0.0,0,0,1,0,0,0,0,0,0,0,0.0,0,0.0,0,0,0,0,0.0,0.0,0,0,0,,0,0,0,0,0.0,0.0,0.0,0,0,7,0,0,0,0.0,0.0,0.0,0.0,0.0,0.0,0.0
458,25-26-prem-manchester-united-vs-chelsea,3,0,0,0,0.0,0.0,0,0,0,0,5,1,0.0,0.0,0,0,0.0,0,0.0,0,0,0,0,1,0,0,1,1,1,0.0,0,0.0,1,0,0,0,0.0,0.0,0,0,0,,0,0,0,0,0.0,0.0,0.0,0,87,96,0,0,0,0.0,0.0,0.0,0.0,0.0,0.0,0.0
238,25-26-prem-manchester-united-vs-chelsea,6,0,0,0,0.0,0.0,0,0,0,0,6,1,0.0,0.0,0,0,0.0,0,0.0,0,0,2,0,0,0,0,0,2,0,0.0,0,0.0,0,0,0,0,0.0,0.0,0,0,0,,0,0,0,0,0.0,0.0,0.0,0,0,6,0,0,0,0.0,0.0,0.0,0.0,0.0,0.0,0.0
205,25-26-prem-burnley-vs-nottingham-forest,90,0,0,0,0.0,0.04,0,0,0,0,78,57,0.0,0.0,9,0,0.0,2,0.0,0,1,7,1,5,2,0,2,2,2,0.0,0,0.0,2,0,0,0,0.0,0.0,0,0,0,,0,0,0,0,0.0,0.0,0.0,0,0,92,1,0,0,0.0,0.0,0.0,0.0,0.0,0.0,0.0
470,25-26-prem-burnley-vs-nottingham-forest,90,0,0,0,0.0,0.0,0,0,0,0,39,9,0.0,0.0,6,0,0.0,3,0.0,0,0,11,0,1,0,0,0,0,0,0.0,0,0.0,0,0,7,1,1.47,0.47,0,9,3,,1,0,0,0,0.0,0.0,0.0,0,0,92,1,0,0,0.0,0.0,0.0,0.0,0.0,0.0,0.0
191,25-26-prem-burnley-vs-nottingham-forest,90,0,0,2,0.12,0.0,0,0,0,2,49,29,0.0,1.0,4,0,0.0,1,0.0,0,2,5,0,8,7,0,8,1,3,0.0,5,0.0,2,1,0,0,0.0,0.0,0,0,0,,0,0,0,0,0.0,0.0,0.0,1,0,92,1,0,0,0.0,0.0,0.0,0.0,0.0,0.0,0.0
187,25-26-prem-burnley-vs-nottingham-forest,90,0,0,0,0.0,0.02,0,2,0,1,72,30,0.0,0.0,8,0,0.0,4,0.0,0,1,7,1,5,2,0,6,4,4,0.0,2,0.0,0,2,0,0,0.0,0.0,0,0,0,,0,0,0,0,0.0,0.0,0.0,2,0,92,1,0,0,0.0,0.0,0.0,0.0,0.0,0.0,0.0
722,25-26-prem-burnley-vs-nottingham-forest,90,0,0,0,0.0,0.01,0,1,0,0,46,29,0.0,2.0,5,0,0.0,3,0.0,0,2,7,1,4,1,3,6,9,5,0.0,1,0.0,0,1,0,0,0.0,0.0,0,0,0,,0,0,0,0,0.0,0.0,0.0,4,0,92,1,0,0,0.0,0.0,0.0,0.0,0.0,0.0,0.0
469,25-26-prem-afc-bournemouth-vs-newcastle-united,90,0,0,0,0.0,0.0,0,0,0,0,41,11,0.0,0.0,11,0,0.0,5,0.0,0,0,11,0,1,0,0,1,0,0,0.0,1,0.0,0,0,2,0,0.29,0.29,2,11,5,,3,0,0,0,0.0,0.0,0.0,0,0,90,0,0,0,0.0,0.0,0.0,0.0,0.0,0.0,0.0
491,25-26-prem-afc-bournemouth-vs-newcastle-united,90,0,0,2,0.06,0.17,0,2,0,1,70,49,0.0,2.0,11,1,0.0,2,0.0,0,0,5,0,0,0,2,5,3,5,0.0,0,0.0,0,0,0,0,0.0,0.0,0,0,0,,0,0,0,0,0.0,0.0,0.0,3,0,90,0,0,0,0.0,0.0,0.0,0.0,0.0,0.0,0.0
67,25-26-prem-afc-bournemouth-vs-newcastle-united,90,0,0,0,0.0,0.0,0,0,0,0,27,11,0.0,0.0,0,0,0.0,0,0.0,0,0,5,0,1,0,0,0,0,0,0.0,0,0.0,0,0,1,0,0.1,0.1,0,11,0,,2,0,0,0,0.0,0.0,0.0,0,0,90,0,0,0,0.0,0.0,0.0,0.0,0.0,0.0,0.0
85,25-26-prem-afc-bournemouth-vs-newcastle-united,90,0,0,1,0.04,0.01,1,0,0,1,77,48,0.0,0.0,8,0,0.0,1,0.0,0,4,4,0,0,0,1,7,4,4,0.0,3,0.0,2,1,0,0,0.0,0.0,0,0,0,,0,0,0,0,0.0,0.0,0.15,3,0,90,0,0,0,0.0,0.0,0.0,0.0,0.0,0.0,0.0
476,25-26-prem-afc-bournemouth-vs-newcastle-united,90,0,0,0,0.0,0.03,0,2,0,1,54,22,0.0,0.0,5,0,0.0,1,0.0,0,1,5,1,11,10,2,8,9,4,0.0,4,0.0,0,2,0,0,0.0,0.0,0,0,0,,0,0,0,0,0.0,0.0,0.0,2,0,90,0,0,0,0.0,0.0,0.0,0.0,0.0,0.0,0.0
72,25-26-prem-afc-bournemouth-vs-newcastle-united,90,0,0,0,0.0,0.03,0,0,0,1,107,71,0.0,1.0,26,0,0.0,9,0.0,0,3,3,0,8,3,2,3,3,0,0.0,3,0.0,0,0,0,0,0.0,0.0,0,0,0,,0,0,0,0,0.0,0.0,0.0,0,0,90,0,0,0,0.0,0.0,0.0,0.0,0.0,0.0,0.0
475,25-26-prem-afc-bournemouth-vs-newcastle-united,90,0,0,0,0.0,0.0,0,1,0,0,63,41,0.0,0.0,4,0,0.0,3,0.0,0,0,7,1,8,5,0,4,1,1,0.0,3,0.0,0,1,0,0,0.0,0.0,0,0,0,,0,0,0,0,0.0,0.0,0.0,0,0,90,0,0,0,0.0,0.0,0.0,0.0,0.0,0.0,0.0
74,25-26-prem-afc-bournemouth-vs-newcastle-united,90,0,0,0,0.0,0.01,0,0,0,1,74,51,0.0,0.0,6,0,0.0,1,0.0,0,2,10,0,3,2,1,1,2,1,0.0,0,0.0,1,0,0,0,0.0,0.0,0,0,0,,0,0,0,0,0.0,0.0,0.0,0,0,90,0,0,0,0.0,0.0,0.0,0.0,0.0,0.0,0.0
684,25-26-prem-afc-bournemouth-vs-newcastle-united,84,0,0,0,0.0,0.02,0,0,0,0,46,26,0.0,0.0,3,0,0.0,1,0.0,0,4,2,2,6,3,0,4,4,2,0.0,2,0.0,0,3,0,0,0.0,0.0,0,0,0,,0,0,0,0,0.0,0.0,0.0,2,0,84,0,0,0,0.0,0.0,0.0,0.0,0.0,0.0,0.0
685,25-26-prem-afc-bournemouth-vs-newcastle-united,90,0,0,0,0.0,0.03,0,0,0,2,75,63,0.0,1.0,6,0,0.0,1,0.0,0,2,3,0,3,3,0,5,4,2,0.0,3,0.0,0,0,0,0,0.0,0.0,0,0,0,,0,0,0,0,0.0,0.0,0.0,2,0,90,0,0,0,0.0,0.0,0.0,0.0,0.0,0.0,0.0
477,25-26-prem-afc-bournemouth-vs-newcastle-united,90,0,0,0,0.0,0.02,0,2,0,1,61,28,0.0,0.0,7,0,0.0,3,0.0,0,0,3,0,3,3,0,4,2,4,0.0,0,0.0,0,1,0,0,0.0,0.0,0,0,0,,0,0,0,0,0.0,0.0,0.0,2,0,90,0,0,0,0.0,0.0,0.0,0.0,0.0,0.0,0.0
82,25-26-prem-afc-bournemouth-vs-newcastle-united,90,0,0,1,0.11,0.05,0,2,0,1,47,16,0.0,1.0,2,0,0.0,1,0.0,0,0,10,0,1,0,2,7,10,6,0.0,1,0.0,1,1,0,0,0.0,0.0,0,0,0,,0,0,0,1,0.0,0.0,0.0,3,0,90,0,0,0,0.0,0.0,0.0,0.0,0.0,0.0,0.0
497,25-26-prem-afc-bournemouth-vs-newcastle-united,90,0,0,0,0.0,0.02,0,0,0,1,58,43,0.0,1.0,3,0,0.0,1,0.0,0,1,5,0,1,1,0,3,0,2,0.0,1,0.0,0,0,0,0,0.0,0.0,0,0,0,,0,0,0,1,0.0,0.0,0.0,2,0,90,0,0,0,0.0,0.0,0.0,0.0,0.0,0.0,0.0
90,25-26-prem-afc-bournemouth-vs-newcastle-united,63,0,0,1,0.06,0.02,0,0,0,0,56,38,0.0,0.0,7,0,0.0,2,0.0,0,1,5,0,2,2,1,2,2,2,0.0,0,0.0,0,1,0,0,0.0,0.0,0,0,0,,0,0,0,0,0.0,0.0,0.0,2,0,63,0,0,0,0.0,0.0,0.0,0.0,0.0,0.0,0.0
494,25-26-prem-afc-bournemouth-vs-newcastle-united,62,0,0,0,0.0,0.01,0,1,0,1,32,12,0.0,0.0,0,0,0.0,0,0.0,0,1,4,0,0,0,1,6,5,6,0.0,0,0.0,1,0,0,0,0.0,0.0,0,0,0,,0,0,0,0,0.0,0.0,0.0,4,0,62,0,0,0,0.0,0.0,0.0,0.0,0.0,0.0,0.0
473,25-26-prem-afc-bournemouth-vs-newcastle-united,90,0,0,0,0.0,0.05,0,1,0,2,70,28,0.0,0.0,12,0,0.0,5,0.0,0,0,7,1,0,0,0,10,7,9,0.0,1,0.0,4,0,0,0,0.0,0.0,0,0,0,,0,0,0,0,0.0,0.0,0.0,4,0,90,0,0,0,0.0,0.0,0.0,0.0,0.0,0.0,0.0
713,25-26-prem-afc-bournemouth-vs-newcastle-united,45,0,0,2,0.05,0.01,0,0,0,2,39,22,0.0,0.0,1,0,0.0,0,0.0,0,0,2,0,1,1,0,4,4,3,0.0,1,0.0,1,3,0,0,0.0,0.0,0,0,0,,0,0,0,0,0.0,0.0,0.0,2,0,46,0,0,0,0.0,0.0,0.0,0.0,0.0,0.0,0.0
86,25-26-prem-afc-bournemouth-vs-newcastle-united,63,0,0,0,0.0,0.04,0,0,0,2,45,22,0.0,1.0,3,0,0.0,0,0.0,0,0,4,0,2,0,2,2,3,1,0.0,1,0.0,1,0,0,0,0.0,0.0,0,0,0,,0,0,0,1,0.0,0.0,0.0,0,0,63,0,0,0,0.0,0.0,0.0,0.0,0.0,0.0,0.0
489,25-26-prem-afc-bournemouth-vs-newcastle-united,62,0,0,2,0.08,0.05,1,1,0,4,31,12,0.0,0.0,5,1,0.0,1,0.0,0,0,1,0,1,0,0,2,1,1,0.0,1,0.0,0,0,0,0,0.0,0.0,0,0,0,,0,0,0,0,0.0,0.0,0.1,0,0,62,0,0,0,0.0,0.0,0.0,0.0,0.0,0.0,0.0
486,25-26-prem-afc-bournemouth-vs-newcastle-united,28,0,0,0,0.0,0.0,0,0,0,1,15,5,0.0,0.0,1,0,0.0,0,0.0,0,0,1,0,2,1,0,1,0,1,0.0,0,0.0,1,0,0,0,0.0,0.0,0,0,0,,0,0,0,0,0.0,0.0,0.0,0,62,90,0,0,0,0.0,0.0,0.0,0.0,0.0,0.0,0.0
77,25-26-prem-afc-bournemouth-vs-newcastle-united,45,0,0,1,0.0,0.0,0,0,0,1,25,10,0.0,0.0,3,0,0.0,0,0.0,0,0,0,0,4,2,0,3,0,0,0.0,3,0.0,0,0,0,0,0.0,0.0,0,0,0,,0,0,0,0,0.0,0.0,0.0,0,46,90,0,0,0,0.0,0.0,0.0,0.0,0.0,0.0,0.0
87,25-26-prem-afc-bournemouth-vs-newcastle-united,27,0,0,1,0.01,0.02,0,0,0,1,29,14,0.0,0.0,4,0,0.0,1,0.0,0,1,3,0,1,1,0,3,3,2,0.0,1,0.0,2,1,0,0,0.0,0.0,0,0,0,,0,0,0,0,0.0,0.0,0.0,0,63,90,0,0,0,0.0,0.0,0.0,0.0,0.0,0.0,0.0
84,25-26-prem-afc-bournemouth-vs-newcastle-united,75,0,0,2,0.06,0.03,0,3,0,1,48,20,0.0,1.0,5,0,0.0,0,0.0,0,1,3,0,2,1,1,5,11,4,0.0,1,0.0,0,0,0,0,0.0,0.0,0,0,0,,0,0,0,0,0.0,0.0,0.0,1,0,75,0,0,0,0.0,0.0,0.0,0.0,0.0,0.0,0.0
97,25-26-prem-afc-bournemouth-vs-newcastle-united,90,0,0,1,0.1,0.02,0,0,0,3,23,10,0.0,1.0,0,0,0.0,0,0.0,0,0,4,0,0,0,1,2,6,1,0.0,1,0.0,0,0,0,0,0.0,0.0,0,0,0,,0,0,0,1,0.0,0.0,0.0,1,0,90,0,0,0,0.0,0.0,0.0,0.0,0.0,0.0,0.0
697,25-26-prem-afc-bournemouth-vs-newcastle-united,15,0,0,0,0.0,0.0,0,0,0,0,8,4,0.0,0.0,0,0,0.0,0,0.0,0,0,3,0,0,0,0,1,0,1,0.0,0,0.0,0,0,0,0,0.0,0.0,0,0,0,,0,0,0,0,0.0,0.0,0.0,1,75,90,0,0,0,0.0,0.0,0.0,0.0,0.0,0.0,0.0
487,25-26-prem-afc-bournemouth-vs-newcastle-united,28,0,0,0,0.0,0.0,0,0,0,2,12,4,0.0,0.0,2,0,0.0,0,0.0,0,0,2,0,0,0,0,0,1,0,0.0,0,0.0,0,2,0,0,0.0,0.0,0,0,0,,0,0,0,0,0.0,0.0,0.0,0,62,90,0,0,0,0.0,0.0,0.0,0.0,0.0,0.0,0.0
81,25-26-prem-afc-bournemouth-vs-newcastle-united,27,0,0,1,0.11,0.0,1,0,0,0,12,5,0.0,0.0,1,0,0.0,1,0.0,0,0,1,0,1,1,0,0,1,0,0.0,0,0.0,0,0,0,0,0.0,0.0,0,0,0,,0,0,0,0,0.0,0.0,0.15,0,63,90,0,0,0,0.0,0.0,0.0,0.0,0.0,0.0,0.0
714,25-26-prem-afc-bournemouth-vs-newcastle-united,84,0,0,0,0.0,0.02,0,1,0,4,37,12,0.0,0.0,3,0,0.0,0,0.0,0,1,1,0,0,0,0,4,10,2,0.0,2,0.0,1,1,0,0,0.0,0.0,0,0,0,,0,0,0,1,0.0,0.0,0.0,0,0,84,0,0,0,0.0,0.0,0.0,0.0,0.0,0.0,0.0
480,25-26-prem-afc-bournemouth-vs-newcastle-united,6,0,0,0,0.0,0.0,0,0,0,0,4,1,0.0,0.0,0,0,0.0,0,0.0,0,0,0,0,2,1,0,0,0,0,0.0,0,0.0,0,0,0,0,0.0,0.0,0,0,0,,0,0,0,0,0.0,0.0,0.0,0,84,90,0,0,0,0.0,0.0,0.0,0.0,0.0,0.0,0.0
500,25-26-prem-afc-bournemouth-vs-newcastle-united,6,0,0,0,0.0,0.0,0,0,0,0,4,0,0.0,0.0,0,0,0.0,0,0.0,0,0,0,0,0,0,0,1,2,0,0.0,1,0.0,0,0,0,0,0.0,0.0,0,0,0,,0,0,0,0,0.0,0.0,0.0,0,84,90,0,0,0,0.0,0.0,0.0,0.0,0.0,0.0,0.0
310,25-26-prem-liverpool-vs-everton,45,0,0,0,0.0,0.0,0,1,0,0,10,6,0.0,0.0,0,0,0.0,0,0.0,0,0,1,0,0,0,0,1,9,1,0.0,0,0.0,0,1,0,0,0.0,0.0,0,0,0,,0,0,0,1,0.0,0.0,0.0,0,46,94,0,0,0,0.0,0.0,0.0,0.0,0.0,0.0,0.0
301,25-26-prem-liverpool-vs-everton,4,0,0,0,0.0,0.0,0,0,0,0,2,1,0.0,0.0,0,0,0.0,0,0.0,0,0,0,0,0,0,0,0,0,0,0.0,0,0.0,0,0,0,0,0.0,0.0,0,0,0,,0,0,0,0,0.0,0.0,0.0,0,86,94,0,0,0,0.0,0.0,0.0,0.0,0.0,0.0,0.0
38,25-26-prem-sunderland-vs-aston-villa,90,0,0,0,0.0,0.02,0,0,0,0,84,71,0.0,0.0,12,0,0.0,2,0.0,0,0,4,2,3,3,0,1,3,1,0.0,0,0.0,0,1,0,0,0.0,0.0,0,0,0,,0,0,0,0,0.0,0.0,0.0,1,0,91,1,0,0,0.0,0.0,0.0,0.0,0.0,0.0,0.0
50,25-26-prem-sunderland-vs-aston-villa,58,0,0,2,0.06,0.09,0,0,0,4,36,14,0.0,0.0,1,0,0.0,1,0.0,0,0,3,0,2,1,0,2,7,2,0.0,0,0.0,0,2,0,0,0.0,0.0,0,0,0,,0,0,0,0,0.0,0.0,0.0,2,0,58,0,0,0,0.0,0.0,0.0,0.0,0.0,0.0,0.0
47,25-26-prem-sunderland-vs-aston-villa,82,0,0,0,0.0,0.28,0,0,0,6,44,25,0.0,2.0,1,0,0.0,2,0.0,0,0,1,0,1,1,0,2,9,1,0.0,1,0.0,1,1,0,0,0.0,0.0,0,0,0,,0,0,0,0,0.0,0.0,0.0,0,0,82,1,0,0,0.0,0.0,0.0,0.0,0.0,0.0,0.0
215,25-26-prem-burnley-vs-nottingham-forest,4,0,0,1,0.11,0.0,0,0,0,1,2,1,0.0,0.0,0,0,0.0,0,0.0,0,0,1,0,0,0,0,0,0,0,0.0,0,0.0,0,0,0,0,0.0,0.0,0,0,0,,0,0,0,0,0.0,0.0,0.0,0,86,92,0,0,0,0.0,0.0,0.0,0.0,0.0,0.0,0.0
40,25-26-prem-sunderland-vs-aston-villa,90,0,0,0,0.0,0.03,0,0,0,1,85,66,0.0,2.0,9,0,0.0,3,0.0,0,0,2,0,13,11,0,7,1,0,0.0,7,0.0,0,0,0,0,0.0,0.0,0,0,0,,0,0,0,0,0.0,0.0,0.0,0,0,91,1,0,0,0.0,0.0,0.0,0.0,0.0,0.0,0.0
683,25-26-prem-sunderland-vs-aston-villa,90,0,0,2,0.14,0.0,1,0,0,3,45,20,0.0,0.0,2,0,0.0,2,0.0,0,2,5,1,7,6,0,5,4,3,0.0,2,0.0,0,1,0,0,0.0,0.0,0,0,0,,0,0,0,0,0.0,0.0,0.07,3,0,91,1,0,0,0.0,0.0,0.0,0.0,0.0,0.0,0.0
547,25-26-prem-sunderland-vs-aston-villa,81,0,0,0,0.0,0.0,0,1,0,0,26,10,0.0,0.0,4,0,0.0,0,0.0,0,0,1,1,0,0,0,4,2,4,0.0,0,0.0,0,1,0,0,0.0,0.0,0,0,0,,0,0,0,0,0.0,0.0,0.0,3,0,81,1,0,0,0.0,0.0,0.0,0.0,0.0,0.0,0.0
32,25-26-prem-sunderland-vs-aston-villa,90,0,0,0,0.0,0.0,0,0,0,0,33,21,0.0,0.0,0,0,0.0,1,0.0,0,0,7,0,1,0,0,1,0,0,0.0,1,0.0,1,0,3,1,0.99,-0.01,0,21,1,,0,0,0,0,0.0,0.0,0.0,0,0,91,1,0,0,0.0,0.0,0.0,0.0,0.0,0.0,0.0
552,25-26-prem-sunderland-vs-aston-villa,89,0,0,0,0.0,0.0,0,1,0,1,30,19,0.0,1.0,2,0,0.0,0,0.0,0,1,2,1,0,0,0,3,3,3,0.0,0,0.0,1,1,0,0,0.0,0.0,0,0,0,,0,0,0,0,0.0,0.0,0.0,1,0,91,1,0,0,0.0,0.0,0.0,0.0,0.0,0.0,0.0
670,25-26-prem-sunderland-vs-aston-villa,90,0,0,0,0.0,0.0,0,0,0,0,36,15,0.0,0.0,12,0,0.0,8,0.0,0,0,5,0,1,0,0,0,0,0,0.0,0,0.0,0,0,1,1,0.15,-0.85,0,15,8,,1,0,0,0,0.0,0.0,0.0,0,0,91,1,0,0,0.0,0.0,0.0,0.0,0.0,0.0,0.0
303,25-26-prem-liverpool-vs-everton,90,0,0,2,0.04,0.02,0,0,0,0,63,35,0.0,0.0,7,0,0.0,1,0.0,0,3,7,0,3,1,0,6,3,5,0.0,1,0.0,0,2,0,0,0.0,0.0,0,0,0,,0,0,0,0,0.0,0.0,0.0,5,0,94,2,0,0,0.0,0.0,0.0,0.0,0.0,0.0,0.0
531,25-26-prem-sunderland-vs-aston-villa,53,0,0,1,0.01,0.0,0,0,0,0,14,3,0.0,1.0,2,0,0.0,0,0.0,0,1,0,1,3,2,0,3,4,1,0.0,2,0.0,0,1,0,0,0.0,0.0,0,0,0,,0,0,0,0,0.0,0.0,0.0,1,37,91,1,0,0,0.0,0.0,0.0,0.0,0.0,0.0,0.0
